"","gene_id","category","over_represented_pvalue","under_represented_pvalue","numDEInCat","numInCat","term","ontology","X19_T33_Ac_WK","X25_ctl1_Ac_GF_1","X27_ctl2_Ac_YG_1","X31_T22_Ac_UV","X35_T43_Ac_MT","X37_T13_Ac_ML","X38_T23_Ac_IN","X41_ctl3_Ac_RN_1","X47_T31_Ac_JB","X52_T11_Ac_II","X53_T21_Ac_NH","X54_T42_Ac_JQ","X57_T32_Ac_NM","length","baseMean","log2FoldChange","lfcSE","stat","pvalue","padj","Treatment_Compare"
"4","Acerv_evm.model.Segkk1022_pilon.1","GO:0050804",0.0452808168995192,0.991976702887256,3,35,"modulation of chemical synaptic transmission","BP",26,8,13,23,48,12,17,7,9,14,10,23,6,2385,16.7543130019435,-1.92582675466436,0.529597611437035,-3.63639622436878,0.00027647895304548,0.0455815873666253,"CvsT3"
"5","Acerv_evm.model.Segkk1022_pilon.1","GO:0050804",0.0452808168995192,0.991976702887256,3,35,"modulation of chemical synaptic transmission","BP",26,8,13,23,48,12,17,7,9,14,10,23,6,2385,16.7543130019435,-2.29057355954668,0.514700022374093,-4.45030786861293,8.57472767507857e-06,0.00168530680239968,"CvsT2"
"6","Acerv_evm.model.Segkk1022_pilon.1","GO:0050804",0.0452808168995192,0.991976702887256,3,35,"modulation of chemical synaptic transmission","BP",26,8,13,23,48,12,17,7,9,14,10,23,6,2385,16.7543130019435,-2.49101680494707,0.536788030089989,-4.64059678180505,3.47404420667626e-06,0.00120803206432923,"CvsT4"
"7","Acerv_evm.model.Segkk1022_pilon.1","GO:0042391",0.00361391757658163,0.999457702860776,5,44,"regulation of membrane potential","BP",26,8,13,23,48,12,17,7,9,14,10,23,6,2385,16.7543130019435,-1.92582675466436,0.529597611437035,-3.63639622436878,0.00027647895304548,0.0455815873666253,"CvsT3"
"8","Acerv_evm.model.Segkk1022_pilon.1","GO:0042391",0.00361391757658163,0.999457702860776,5,44,"regulation of membrane potential","BP",26,8,13,23,48,12,17,7,9,14,10,23,6,2385,16.7543130019435,-2.29057355954668,0.514700022374093,-4.45030786861293,8.57472767507857e-06,0.00168530680239968,"CvsT2"
"9","Acerv_evm.model.Segkk1022_pilon.1","GO:0042391",0.00361391757658163,0.999457702860776,5,44,"regulation of membrane potential","BP",26,8,13,23,48,12,17,7,9,14,10,23,6,2385,16.7543130019435,-2.49101680494707,0.536788030089989,-4.64059678180505,3.47404420667626e-06,0.00120803206432923,"CvsT4"
"10","Acerv_evm.model.Segkk1022_pilon.1","GO:0010647",0.0225653331579186,0.998571474673857,2,10,"positive regulation of cell communication","BP",26,8,13,23,48,12,17,7,9,14,10,23,6,2385,16.7543130019435,-1.92582675466436,0.529597611437035,-3.63639622436878,0.00027647895304548,0.0455815873666253,"CvsT3"
"11","Acerv_evm.model.Segkk1022_pilon.1","GO:0010647",0.0225653331579186,0.998571474673857,2,10,"positive regulation of cell communication","BP",26,8,13,23,48,12,17,7,9,14,10,23,6,2385,16.7543130019435,-2.29057355954668,0.514700022374093,-4.45030786861293,8.57472767507857e-06,0.00168530680239968,"CvsT2"
"12","Acerv_evm.model.Segkk1022_pilon.1","GO:0010647",0.0225653331579186,0.998571474673857,2,10,"positive regulation of cell communication","BP",26,8,13,23,48,12,17,7,9,14,10,23,6,2385,16.7543130019435,-2.49101680494707,0.536788030089989,-4.64059678180505,3.47404420667626e-06,0.00120803206432923,"CvsT4"
"13","Acerv_evm.model.Segkk1022_pilon.1","GO:1901698",0.0214063686741529,1,1,1,"response to nitrogen compound","BP",26,8,13,23,48,12,17,7,9,14,10,23,6,2385,16.7543130019435,-1.92582675466436,0.529597611437035,-3.63639622436878,0.00027647895304548,0.0455815873666253,"CvsT3"
"14","Acerv_evm.model.Segkk1022_pilon.1","GO:1901698",0.0214063686741529,1,1,1,"response to nitrogen compound","BP",26,8,13,23,48,12,17,7,9,14,10,23,6,2385,16.7543130019435,-2.29057355954668,0.514700022374093,-4.45030786861293,8.57472767507857e-06,0.00168530680239968,"CvsT2"
"15","Acerv_evm.model.Segkk1022_pilon.1","GO:1901698",0.0214063686741529,1,1,1,"response to nitrogen compound","BP",26,8,13,23,48,12,17,7,9,14,10,23,6,2385,16.7543130019435,-2.49101680494707,0.536788030089989,-4.64059678180505,3.47404420667626e-06,0.00120803206432923,"CvsT4"
"19","Acerv_evm.model.Segkk1022_pilon.1","GO:0007611",0.0163294007022753,0.998095676484755,3,24,"learning or memory","BP",26,8,13,23,48,12,17,7,9,14,10,23,6,2385,16.7543130019435,-1.92582675466436,0.529597611437035,-3.63639622436878,0.00027647895304548,0.0455815873666253,"CvsT3"
"20","Acerv_evm.model.Segkk1022_pilon.1","GO:0007611",0.0163294007022753,0.998095676484755,3,24,"learning or memory","BP",26,8,13,23,48,12,17,7,9,14,10,23,6,2385,16.7543130019435,-2.29057355954668,0.514700022374093,-4.45030786861293,8.57472767507857e-06,0.00168530680239968,"CvsT2"
"21","Acerv_evm.model.Segkk1022_pilon.1","GO:0007611",0.0163294007022753,0.998095676484755,3,24,"learning or memory","BP",26,8,13,23,48,12,17,7,9,14,10,23,6,2385,16.7543130019435,-2.49101680494707,0.536788030089989,-4.64059678180505,3.47404420667626e-06,0.00120803206432923,"CvsT4"
"22","Acerv_evm.model.Segkk1022_pilon.1","GO:0023056",0.0386460190743881,0.996592362935657,2,13,"positive regulation of signaling","BP",26,8,13,23,48,12,17,7,9,14,10,23,6,2385,16.7543130019435,-1.92582675466436,0.529597611437035,-3.63639622436878,0.00027647895304548,0.0455815873666253,"CvsT3"
"23","Acerv_evm.model.Segkk1022_pilon.1","GO:0023056",0.0386460190743881,0.996592362935657,2,13,"positive regulation of signaling","BP",26,8,13,23,48,12,17,7,9,14,10,23,6,2385,16.7543130019435,-2.29057355954668,0.514700022374093,-4.45030786861293,8.57472767507857e-06,0.00168530680239968,"CvsT2"
"24","Acerv_evm.model.Segkk1022_pilon.1","GO:0023056",0.0386460190743881,0.996592362935657,2,13,"positive regulation of signaling","BP",26,8,13,23,48,12,17,7,9,14,10,23,6,2385,16.7543130019435,-2.49101680494707,0.536788030089989,-4.64059678180505,3.47404420667626e-06,0.00120803206432923,"CvsT4"
"25","Acerv_evm.model.Segkk1022_pilon.1","GO:0001818",0.0452184006112893,0.992004936238108,3,34,"negative regulation of cytokine production","BP",26,8,13,23,48,12,17,7,9,14,10,23,6,2385,16.7543130019435,-1.92582675466436,0.529597611437035,-3.63639622436878,0.00027647895304548,0.0455815873666253,"CvsT3"
"26","Acerv_evm.model.Segkk1022_pilon.1","GO:0001818",0.0452184006112893,0.992004936238108,3,34,"negative regulation of cytokine production","BP",26,8,13,23,48,12,17,7,9,14,10,23,6,2385,16.7543130019435,-2.29057355954668,0.514700022374093,-4.45030786861293,8.57472767507857e-06,0.00168530680239968,"CvsT2"
"27","Acerv_evm.model.Segkk1022_pilon.1","GO:0001818",0.0452184006112893,0.992004936238108,3,34,"negative regulation of cytokine production","BP",26,8,13,23,48,12,17,7,9,14,10,23,6,2385,16.7543130019435,-2.49101680494707,0.536788030089989,-4.64059678180505,3.47404420667626e-06,0.00120803206432923,"CvsT4"
"30","Acerv_evm.model.Segkk1271_pilon.4","GO:0042391",0.00361391757658163,0.999457702860776,5,44,"regulation of membrane potential","BP",176,204,201,129,241,91,123,160,106,84,80,185,47,3177,130.862215388397,-0.702109488195077,0.208050897858228,-3.37470059212873,0.000738960397527248,0.0480643234103874,"CvsT2"
"31","Acerv_evm.model.Segkk1271_pilon.4","GO:0051050",0.0263362941167502,0.99815856742919,2,11,"positive regulation of transport","BP",176,204,201,129,241,91,123,160,106,84,80,185,47,3177,130.862215388397,-0.702109488195077,0.208050897858228,-3.37470059212873,0.000738960397527248,0.0480643234103874,"CvsT2"
"33","Acerv_evm.model.Segkk1411_pilon.4","GO:1904645",0.0427878726739444,0.999534417859254,1,2,"response to amyloid-beta","BP",1402,2479,2277,830,1573,1057,833,2257,550,1598,376,1365,617,2148,1185.11289826247,1.04231073404129,0.273681775925443,3.80847694559408,0.000139825379979968,0.0311013549908585,"T1vsT2"
"35","Acerv_evm.model.Segkk1411_pilon.4","GO:0046373",0.0214092421271054,1,1,1,"L-arabinose metabolic process","BP",1402,2479,2277,830,1573,1057,833,2257,550,1598,376,1365,617,2148,1185.11289826247,1.04231073404129,0.273681775925443,3.80847694559408,0.000139825379979968,0.0311013549908585,"T1vsT2"
"36","Acerv_evm.model.Segkk1411_pilon.4","GO:2000697",0.0214092421271054,1,1,1,"negative regulation of epithelial cell differentiation involved in kidney development","BP",1402,2479,2277,830,1573,1057,833,2257,550,1598,376,1365,617,2148,1185.11289826247,1.04231073404129,0.273681775925443,3.80847694559408,0.000139825379979968,0.0311013549908585,"T1vsT2"
"37","Acerv_evm.model.Segkk1424_pilon.6","GO:0010629",0.0367267762767562,0.991764584473208,4,54,"negative regulation of gene expression","BP",285,626,341,125,245,202,83,387,106,280,49,285,139,855,213.466170369132,1.55061075932362,0.359293924228013,4.31571661740536,1.59085960188511e-05,0.00990928733289509,"T1vsT2"
"39","Acerv_evm.model.Segkk1424_pilon.6","GO:0034381",0.02424851633823,1,1,1,"plasma lipoprotein particle clearance","BP",285,626,341,125,245,202,83,387,106,280,49,285,139,855,213.466170369132,1.55061075932362,0.359293924228013,4.31571661740536,1.59085960188511e-05,0.00990928733289509,"T1vsT2"
"41","Acerv_evm.model.Segkk1424_pilon.6","GO:0010886",0.0469956325446513,0.999437114527609,1,2,"positive regulation of cholesterol storage","BP",285,626,341,125,245,202,83,387,106,280,49,285,139,855,213.466170369132,1.55061075932362,0.359293924228013,4.31571661740536,1.59085960188511e-05,0.00990928733289509,"T1vsT2"
"42","Acerv_evm.model.Segkk1424_pilon.6","GO:0097242",0.0479408127579788,0.999413956733906,1,2,"amyloid-beta clearance","BP",285,626,341,125,245,202,83,387,106,280,49,285,139,855,213.466170369132,1.55061075932362,0.359293924228013,4.31571661740536,1.59085960188511e-05,0.00990928733289509,"T1vsT2"
"45","Acerv_evm.model.Segkk1424_pilon.6","GO:0010744",0.02424851633823,1,1,1,"positive regulation of macrophage derived foam cell differentiation","BP",285,626,341,125,245,202,83,387,106,280,49,285,139,855,213.466170369132,1.55061075932362,0.359293924228013,4.31571661740536,1.59085960188511e-05,0.00990928733289509,"T1vsT2"
"46","Acerv_evm.model.Segkk1509_pilon.11","GO:0006996",0.00399445560224313,0.999554020421145,4,28,"organelle organization","BP",384,870,449,134,291,218,164,948,250,177,113,293,138,387,283.780118870659,0.996634902134837,0.287947658821401,3.46116688780928,0.00053783928091087,0.0371191216695815,"CvsT2"
"47","Acerv_evm.model.Segkk1575_pilon.7","GO:0010154",0.0214107484494155,1,1,1,"fruit development","BP",18,22,9,24,42,15,19,8,12,14,11,20,10,1956,17.8707116113022,-1.94556320612351,0.494905872384025,-3.93117825971933,8.45305649113783e-05,0.00943507206621939,"CvsT2"
"48","Acerv_evm.model.Segkk1575_pilon.7","GO:0048827",0.0214107484494155,1,1,1,"phyllome development","BP",18,22,9,24,42,15,19,8,12,14,11,20,10,1956,17.8707116113022,-1.94556320612351,0.494905872384025,-3.93117825971933,8.45305649113783e-05,0.00943507206621939,"CvsT2"
"54","Acerv_evm.model.Segkk1656_pilon.3","GO:0042274",0.0240739890465254,1,1,1,"ribosomal small subunit biogenesis","BP",144,40,66,98,185,54,48,49,16,22,69,117,18,873,68.5659955591582,-1.98183700274194,0.561294061768547,-3.53083550625405,0.000414249280557513,0.0304490060611421,"CvsT2"
"56","Acerv_evm.model.Segkk1793_pilon.1","GO:0002574",0.026292165099568,1,1,1,"thrombocyte differentiation","BP",36,6,9,24,38,25,41,6,33,37,14,37,13,682,28.2148757275827,-3.44992983255853,0.488798293809378,-7.05798255896519,1.68937256430611e-12,2.18194533627022e-09,"CvsT3"
"57","Acerv_evm.model.Segkk1793_pilon.1","GO:0002574",0.026292165099568,1,1,1,"thrombocyte differentiation","BP",36,6,9,24,38,25,41,6,33,37,14,37,13,682,28.2148757275827,-3.64688473949684,0.522311169670211,-6.9822070659517,2.90578412652653e-12,4.37853238132106e-09,"CvsT1"
"58","Acerv_evm.model.Segkk1793_pilon.1","GO:0002574",0.026292165099568,1,1,1,"thrombocyte differentiation","BP",36,6,9,24,38,25,41,6,33,37,14,37,13,682,28.2148757275827,-2.98672220368715,0.516873149139213,-5.7784433350062,7.53949273990963e-09,4.5443035907682e-06,"CvsT4"
"59","Acerv_evm.model.Segkk1793_pilon.1","GO:0002574",0.026292165099568,1,1,1,"thrombocyte differentiation","BP",36,6,9,24,38,25,41,6,33,37,14,37,13,682,28.2148757275827,-3.342112867859,0.488904249312729,-6.83592517871779,8.14774629295052e-12,6.69670674859688e-09,"CvsT2"
"60","Acerv_evm.model.Segkk1793_pilon.1","GO:0045944",0.034163324423141,0.987224450876541,8,159,"positive regulation of transcription by RNA polymerase II","BP",36,6,9,24,38,25,41,6,33,37,14,37,13,682,28.2148757275827,-3.44992983255853,0.488798293809378,-7.05798255896519,1.68937256430611e-12,2.18194533627022e-09,"CvsT3"
"61","Acerv_evm.model.Segkk1793_pilon.1","GO:0045944",0.034163324423141,0.987224450876541,8,159,"positive regulation of transcription by RNA polymerase II","BP",36,6,9,24,38,25,41,6,33,37,14,37,13,682,28.2148757275827,-3.64688473949684,0.522311169670211,-6.9822070659517,2.90578412652653e-12,4.37853238132106e-09,"CvsT1"
"62","Acerv_evm.model.Segkk1793_pilon.1","GO:0045944",0.034163324423141,0.987224450876541,8,159,"positive regulation of transcription by RNA polymerase II","BP",36,6,9,24,38,25,41,6,33,37,14,37,13,682,28.2148757275827,-2.98672220368715,0.516873149139213,-5.7784433350062,7.53949273990963e-09,4.5443035907682e-06,"CvsT4"
"63","Acerv_evm.model.Segkk1793_pilon.1","GO:0045944",0.034163324423141,0.987224450876541,8,159,"positive regulation of transcription by RNA polymerase II","BP",36,6,9,24,38,25,41,6,33,37,14,37,13,682,28.2148757275827,-3.342112867859,0.488904249312729,-6.83592517871779,8.14774629295052e-12,6.69670674859688e-09,"CvsT2"
"68","Acerv_evm.model.Segkk1821_pilon.34","GO:0002165",0.0328906289036147,1,1,1,"instar larval or pupal development","BP",24,21,27,19,29,21,23,23,17,33,9,28,16,276,23.2015840639911,-1.68612303961563,0.422156882663122,-3.99406739262177,6.49493895413674e-05,0.0116292611999875,"CvsT1"
"69","Acerv_evm.model.Segkk1821_pilon.34","GO:1903220",0.0328906289036147,1,1,1,"positive regulation of malate dehydrogenase (decarboxylating) (NADP+) activity","BP",24,21,27,19,29,21,23,23,17,33,9,28,16,276,23.2015840639911,-1.68612303961563,0.422156882663122,-3.99406739262177,6.49493895413674e-05,0.0116292611999875,"CvsT1"
"70","Acerv_evm.model.Segkk1821_pilon.34","GO:0045944",0.034163324423141,0.987224450876541,8,159,"positive regulation of transcription by RNA polymerase II","BP",24,21,27,19,29,21,23,23,17,33,9,28,16,276,23.2015840639911,-1.68612303961563,0.422156882663122,-3.99406739262177,6.49493895413674e-05,0.0116292611999875,"CvsT1"
"71","Acerv_evm.model.Segkk1821_pilon.34","GO:0007591",0.0328906289036147,1,1,1,"molting cycle, chitin-based cuticle","BP",24,21,27,19,29,21,23,23,17,33,9,28,16,276,23.2015840639911,-1.68612303961563,0.422156882663122,-3.99406739262177,6.49493895413674e-05,0.0116292611999875,"CvsT1"
"72","Acerv_evm.model.Segkk1821_pilon.34","GO:0007458",0.0328906289036147,1,1,1,"progression of morphogenetic furrow involved in compound eye morphogenesis","BP",24,21,27,19,29,21,23,23,17,33,9,28,16,276,23.2015840639911,-1.68612303961563,0.422156882663122,-3.99406739262177,6.49493895413674e-05,0.0116292611999875,"CvsT1"
"73","Acerv_evm.model.Segkk1821_pilon.34","GO:0008362",0.0328906289036147,1,1,1,"chitin-based embryonic cuticle biosynthetic process","BP",24,21,27,19,29,21,23,23,17,33,9,28,16,276,23.2015840639911,-1.68612303961563,0.422156882663122,-3.99406739262177,6.49493895413674e-05,0.0116292611999875,"CvsT1"
"74","Acerv_evm.model.Segkk1821_pilon.34","GO:0048477",0.0289018395428741,0.997910127128071,2,10,"oogenesis","BP",24,21,27,19,29,21,23,23,17,33,9,28,16,276,23.2015840639911,-1.68612303961563,0.422156882663122,-3.99406739262177,6.49493895413674e-05,0.0116292611999875,"CvsT1"
"75","Acerv_evm.model.Segkk1821_pilon.34","GO:0000398",0.0349575951395509,0.994443688270107,3,31,"mRNA splicing, via spliceosome","BP",24,21,27,19,29,21,23,23,17,33,9,28,16,276,23.2015840639911,-1.68612303961563,0.422156882663122,-3.99406739262177,6.49493895413674e-05,0.0116292611999875,"CvsT1"
"76","Acerv_evm.model.Segkk1821_pilon.34","GO:0048542",0.0328906289036147,1,1,1,"lymph gland development","BP",24,21,27,19,29,21,23,23,17,33,9,28,16,276,23.2015840639911,-1.68612303961563,0.422156882663122,-3.99406739262177,6.49493895413674e-05,0.0116292611999875,"CvsT1"
"77","Acerv_evm.model.Segkk1821_pilon.34","GO:0007390",0.0328906289036147,1,1,1,"germ-band shortening","BP",24,21,27,19,29,21,23,23,17,33,9,28,16,276,23.2015840639911,-1.68612303961563,0.422156882663122,-3.99406739262177,6.49493895413674e-05,0.0116292611999875,"CvsT1"
"78","Acerv_evm.model.Segkk1821_pilon.34","GO:0008258",0.0328906289036147,1,1,1,"head involution","BP",24,21,27,19,29,21,23,23,17,33,9,28,16,276,23.2015840639911,-1.68612303961563,0.422156882663122,-3.99406739262177,6.49493895413674e-05,0.0116292611999875,"CvsT1"
"79","Acerv_evm.model.Segkk1821_pilon.34","GO:0007030",0.0169144280635555,0.998017358692076,3,22,"Golgi organization","BP",24,21,27,19,29,21,23,23,17,33,9,28,16,276,23.2015840639911,-1.68612303961563,0.422156882663122,-3.99406739262177,6.49493895413674e-05,0.0116292611999875,"CvsT1"
"82","Acerv_evm.model.Segkk1851_pilon.3","GO:0071034",0.0214092651155424,1,1,1,"CUT catabolic process","BP",40,29,44,36,53,24,43,18,24,38,25,43,8,2100,33.1644365470079,-1.66367654601781,0.389960677346512,-4.26626745378097,1.98770474996372e-05,0.00326742520807673,"CvsT2"
"84","Acerv_evm.model.Segkk1851_pilon.3","GO:0071035",0.0431804526431106,0.999525738558099,1,2,"nuclear polyadenylation-dependent rRNA catabolic process","BP",40,29,44,36,53,24,43,18,24,38,25,43,8,2100,33.1644365470079,-1.66367654601781,0.389960677346512,-4.26626745378097,1.98770474996372e-05,0.00326742520807673,"CvsT2"
"86","Acerv_evm.model.Segkk1851_pilon.3","GO:1904872",0.0423880970743349,0.999543172061572,1,2,"regulation of telomerase RNA localization to Cajal body","BP",40,29,44,36,53,24,43,18,24,38,25,43,8,2100,33.1644365470079,-1.66367654601781,0.389960677346512,-4.26626745378097,1.98770474996372e-05,0.00326742520807673,"CvsT2"
"87","Acerv_evm.model.Segkk1851_pilon.3","GO:0016074",0.0214092651155424,1,1,1,"snoRNA metabolic process","BP",40,29,44,36,53,24,43,18,24,38,25,43,8,2100,33.1644365470079,-1.66367654601781,0.389960677346512,-4.26626745378097,1.98770474996372e-05,0.00326742520807673,"CvsT2"
"88","Acerv_evm.model.Segkk1851_pilon.3","GO:0071048",0.0214092651155424,1,1,1,"nuclear retention of unspliced pre-mRNA at the site of transcription","BP",40,29,44,36,53,24,43,18,24,38,25,43,8,2100,33.1644365470079,-1.66367654601781,0.389960677346512,-4.26626745378097,1.98770474996372e-05,0.00326742520807673,"CvsT2"
"89","Acerv_evm.model.Segkk1895_pilon.6","GO:0032728",0.00746608462180307,0.999788633063835,2,5,"positive regulation of interferon-beta production","BP",106,116,145,64,136,116,91,128,94,113,44,123,91,459,108.038694294678,-1.18183823321385,0.291386487252983,-4.05591297096688,4.99388527291276e-05,0.0111050162432418,"CvsT3"
"90","Acerv_evm.model.Segkk1895_pilon.6","GO:0032728",0.00746608462180307,0.999788633063835,2,5,"positive regulation of interferon-beta production","BP",106,116,145,64,136,116,91,128,94,113,44,123,91,459,108.038694294678,-1.3060326455052,0.323682686224193,-4.03491660533427,5.46216942987845e-05,0.010735537785985,"CvsT1"
"91","Acerv_evm.model.Segkk1895_pilon.6","GO:0001934",0.00824320520368596,0.99884951183754,4,34,"positive regulation of protein phosphorylation","BP",106,116,145,64,136,116,91,128,94,113,44,123,91,459,108.038694294678,-1.18183823321385,0.291386487252983,-4.05591297096688,4.99388527291276e-05,0.0111050162432418,"CvsT3"
"92","Acerv_evm.model.Segkk1895_pilon.6","GO:0001934",0.00824320520368596,0.99884951183754,4,34,"positive regulation of protein phosphorylation","BP",106,116,145,64,136,116,91,128,94,113,44,123,91,459,108.038694294678,-1.3060326455052,0.323682686224193,-4.03491660533427,5.46216942987845e-05,0.010735537785985,"CvsT1"
"93","Acerv_evm.model.Segkk1895_pilon.6","GO:0051580",0.0296974220921703,1,1,1,"regulation of neurotransmitter uptake","BP",106,116,145,64,136,116,91,128,94,113,44,123,91,459,108.038694294678,-1.18183823321385,0.291386487252983,-4.05591297096688,4.99388527291276e-05,0.0111050162432418,"CvsT3"
"94","Acerv_evm.model.Segkk1895_pilon.6","GO:0051580",0.0296974220921703,1,1,1,"regulation of neurotransmitter uptake","BP",106,116,145,64,136,116,91,128,94,113,44,123,91,459,108.038694294678,-1.3060326455052,0.323682686224193,-4.03491660533427,5.46216942987845e-05,0.010735537785985,"CvsT1"
"97","Acerv_evm.model.Segkk1895_pilon.6","GO:0044854",0.0296974220921703,1,1,1,"plasma membrane raft assembly","BP",106,116,145,64,136,116,91,128,94,113,44,123,91,459,108.038694294678,-1.18183823321385,0.291386487252983,-4.05591297096688,4.99388527291276e-05,0.0111050162432418,"CvsT3"
"98","Acerv_evm.model.Segkk1895_pilon.6","GO:0044854",0.0296974220921703,1,1,1,"plasma membrane raft assembly","BP",106,116,145,64,136,116,91,128,94,113,44,123,91,459,108.038694294678,-1.3060326455052,0.323682686224193,-4.03491660533427,5.46216942987845e-05,0.010735537785985,"CvsT1"
"101","Acerv_evm.model.Segkk1895_pilon.6","GO:0048643",0.0296974220921703,1,1,1,"positive regulation of skeletal muscle tissue development","BP",106,116,145,64,136,116,91,128,94,113,44,123,91,459,108.038694294678,-1.18183823321385,0.291386487252983,-4.05591297096688,4.99388527291276e-05,0.0111050162432418,"CvsT3"
"102","Acerv_evm.model.Segkk1895_pilon.6","GO:0048643",0.0296974220921703,1,1,1,"positive regulation of skeletal muscle tissue development","BP",106,116,145,64,136,116,91,128,94,113,44,123,91,459,108.038694294678,-1.3060326455052,0.323682686224193,-4.03491660533427,5.46216942987845e-05,0.010735537785985,"CvsT1"
"103","Acerv_evm.model.Segkk1895_pilon.6","GO:0035023",0.0296974220921703,1,1,1,"regulation of Rho protein signal transduction","BP",106,116,145,64,136,116,91,128,94,113,44,123,91,459,108.038694294678,-1.18183823321385,0.291386487252983,-4.05591297096688,4.99388527291276e-05,0.0111050162432418,"CvsT3"
"104","Acerv_evm.model.Segkk1895_pilon.6","GO:0035023",0.0296974220921703,1,1,1,"regulation of Rho protein signal transduction","BP",106,116,145,64,136,116,91,128,94,113,44,123,91,459,108.038694294678,-1.3060326455052,0.323682686224193,-4.03491660533427,5.46216942987845e-05,0.010735537785985,"CvsT1"
"105","Acerv_evm.model.Segkk1895_pilon.6","GO:0071360",0.0296974220921703,1,1,1,"cellular response to exogenous dsRNA","BP",106,116,145,64,136,116,91,128,94,113,44,123,91,459,108.038694294678,-1.18183823321385,0.291386487252983,-4.05591297096688,4.99388527291276e-05,0.0111050162432418,"CvsT3"
"106","Acerv_evm.model.Segkk1895_pilon.6","GO:0071360",0.0296974220921703,1,1,1,"cellular response to exogenous dsRNA","BP",106,116,145,64,136,116,91,128,94,113,44,123,91,459,108.038694294678,-1.3060326455052,0.323682686224193,-4.03491660533427,5.46216942987845e-05,0.010735537785985,"CvsT1"
"107","Acerv_evm.model.Segkk1895_pilon.6","GO:1901890",0.0296974220921703,1,1,1,"positive regulation of cell junction assembly","BP",106,116,145,64,136,116,91,128,94,113,44,123,91,459,108.038694294678,-1.18183823321385,0.291386487252983,-4.05591297096688,4.99388527291276e-05,0.0111050162432418,"CvsT3"
"108","Acerv_evm.model.Segkk1895_pilon.6","GO:1901890",0.0296974220921703,1,1,1,"positive regulation of cell junction assembly","BP",106,116,145,64,136,116,91,128,94,113,44,123,91,459,108.038694294678,-1.3060326455052,0.323682686224193,-4.03491660533427,5.46216942987845e-05,0.010735537785985,"CvsT1"
"112","Acerv_evm.model.Segkk1929_pilon.4","GO:0001763",0.027822697259761,1,1,1,"morphogenesis of a branching structure","BP",229,211,265,169,263,118,146,254,98,105,135,252,74,576,168.120660303619,-0.786410040888889,0.211927182126634,-3.71075589736753,0.000206641291149411,0.0189695858010449,"CvsT2"
"113","Acerv_evm.model.Segkk1945_pilon.2","GO:0030878",0.00463761996904163,0.999897478551887,2,5,"thyroid gland development","BP",34,8,12,16,18,17,18,0,12,19,7,24,12,1350,16.8033194983796,-2.49558738735355,0.600891203235296,-4.15314348740155,3.27938961656946e-05,0.00470295028445673,"CvsT2"
"114","Acerv_evm.model.Segkk1945_pilon.2","GO:0030878",0.00463761996904163,0.999897478551887,2,5,"thyroid gland development","BP",34,8,12,16,18,17,18,0,12,19,7,24,12,1350,16.8033194983796,-2.97198302222227,0.59091760902446,-5.02943722920812,4.91921505897359e-07,0.00021178392070562,"CvsT3"
"115","Acerv_evm.model.Segkk1945_pilon.2","GO:0030878",0.00463761996904163,0.999897478551887,2,5,"thyroid gland development","BP",34,8,12,16,18,17,18,0,12,19,7,24,12,1350,16.8033194983796,-2.95364415423031,0.645065097699942,-4.57883113620917,4.67581480375564e-06,0.00169096166563019,"CvsT1"
"119","Acerv_evm.model.Segkk1945_pilon.2","GO:0048538",0.00671967428151926,0.999804343001634,2,6,"thymus development","BP",34,8,12,16,18,17,18,0,12,19,7,24,12,1350,16.8033194983796,-2.49558738735355,0.600891203235296,-4.15314348740155,3.27938961656946e-05,0.00470295028445673,"CvsT2"
"120","Acerv_evm.model.Segkk1945_pilon.2","GO:0048538",0.00671967428151926,0.999804343001634,2,6,"thymus development","BP",34,8,12,16,18,17,18,0,12,19,7,24,12,1350,16.8033194983796,-2.97198302222227,0.59091760902446,-5.02943722920812,4.91921505897359e-07,0.00021178392070562,"CvsT3"
"121","Acerv_evm.model.Segkk1945_pilon.2","GO:0048538",0.00671967428151926,0.999804343001634,2,6,"thymus development","BP",34,8,12,16,18,17,18,0,12,19,7,24,12,1350,16.8033194983796,-2.95364415423031,0.645065097699942,-4.57883113620917,4.67581480375564e-06,0.00169096166563019,"CvsT1"
"122","Acerv_evm.model.Segkk1945_pilon.2","GO:0007611",0.0163294007022753,0.998095676484755,3,24,"learning or memory","BP",34,8,12,16,18,17,18,0,12,19,7,24,12,1350,16.8033194983796,-2.49558738735355,0.600891203235296,-4.15314348740155,3.27938961656946e-05,0.00470295028445673,"CvsT2"
"123","Acerv_evm.model.Segkk1945_pilon.2","GO:0007611",0.0163294007022753,0.998095676484755,3,24,"learning or memory","BP",34,8,12,16,18,17,18,0,12,19,7,24,12,1350,16.8033194983796,-2.97198302222227,0.59091760902446,-5.02943722920812,4.91921505897359e-07,0.00021178392070562,"CvsT3"
"124","Acerv_evm.model.Segkk1945_pilon.2","GO:0007611",0.0163294007022753,0.998095676484755,3,24,"learning or memory","BP",34,8,12,16,18,17,18,0,12,19,7,24,12,1350,16.8033194983796,-2.95364415423031,0.645065097699942,-4.57883113620917,4.67581480375564e-06,0.00169096166563019,"CvsT1"
"125","Acerv_evm.model.Segkk1945_pilon.2","GO:0045596",0.0301487928044789,0.997702213834594,2,12,"negative regulation of cell differentiation","BP",34,8,12,16,18,17,18,0,12,19,7,24,12,1350,16.8033194983796,-2.49558738735355,0.600891203235296,-4.15314348740155,3.27938961656946e-05,0.00470295028445673,"CvsT2"
"126","Acerv_evm.model.Segkk1945_pilon.2","GO:0045596",0.0301487928044789,0.997702213834594,2,12,"negative regulation of cell differentiation","BP",34,8,12,16,18,17,18,0,12,19,7,24,12,1350,16.8033194983796,-2.97198302222227,0.59091760902446,-5.02943722920812,4.91921505897359e-07,0.00021178392070562,"CvsT3"
"127","Acerv_evm.model.Segkk1945_pilon.2","GO:0045596",0.0301487928044789,0.997702213834594,2,12,"negative regulation of cell differentiation","BP",34,8,12,16,18,17,18,0,12,19,7,24,12,1350,16.8033194983796,-2.95364415423031,0.645065097699942,-4.57883113620917,4.67581480375564e-06,0.00169096166563019,"CvsT1"
"128","Acerv_evm.model.Segkk1945_pilon.2","GO:0072584",0.0216547461560398,1,1,1,"caveolin-mediated endocytosis","BP",34,8,12,16,18,17,18,0,12,19,7,24,12,1350,16.8033194983796,-2.49558738735355,0.600891203235296,-4.15314348740155,3.27938961656946e-05,0.00470295028445673,"CvsT2"
"129","Acerv_evm.model.Segkk1945_pilon.2","GO:0072584",0.0216547461560398,1,1,1,"caveolin-mediated endocytosis","BP",34,8,12,16,18,17,18,0,12,19,7,24,12,1350,16.8033194983796,-2.97198302222227,0.59091760902446,-5.02943722920812,4.91921505897359e-07,0.00021178392070562,"CvsT3"
"130","Acerv_evm.model.Segkk1945_pilon.2","GO:0072584",0.0216547461560398,1,1,1,"caveolin-mediated endocytosis","BP",34,8,12,16,18,17,18,0,12,19,7,24,12,1350,16.8033194983796,-2.95364415423031,0.645065097699942,-4.57883113620917,4.67581480375564e-06,0.00169096166563019,"CvsT1"
"134","Acerv_evm.model.Segkk1945_pilon.2","GO:0060291",0.00967798161593436,0.999640440306866,2,7,"long-term synaptic potentiation","BP",34,8,12,16,18,17,18,0,12,19,7,24,12,1350,16.8033194983796,-2.49558738735355,0.600891203235296,-4.15314348740155,3.27938961656946e-05,0.00470295028445673,"CvsT2"
"135","Acerv_evm.model.Segkk1945_pilon.2","GO:0060291",0.00967798161593436,0.999640440306866,2,7,"long-term synaptic potentiation","BP",34,8,12,16,18,17,18,0,12,19,7,24,12,1350,16.8033194983796,-2.97198302222227,0.59091760902446,-5.02943722920812,4.91921505897359e-07,0.00021178392070562,"CvsT3"
"136","Acerv_evm.model.Segkk1945_pilon.2","GO:0060291",0.00967798161593436,0.999640440306866,2,7,"long-term synaptic potentiation","BP",34,8,12,16,18,17,18,0,12,19,7,24,12,1350,16.8033194983796,-2.95364415423031,0.645065097699942,-4.57883113620917,4.67581480375564e-06,0.00169096166563019,"CvsT1"
"140","Acerv_evm.model.Segkk1945_pilon.2","GO:0120041",0.0216547461560398,1,1,1,"positive regulation of macrophage proliferation","BP",34,8,12,16,18,17,18,0,12,19,7,24,12,1350,16.8033194983796,-2.49558738735355,0.600891203235296,-4.15314348740155,3.27938961656946e-05,0.00470295028445673,"CvsT2"
"141","Acerv_evm.model.Segkk1945_pilon.2","GO:0120041",0.0216547461560398,1,1,1,"positive regulation of macrophage proliferation","BP",34,8,12,16,18,17,18,0,12,19,7,24,12,1350,16.8033194983796,-2.97198302222227,0.59091760902446,-5.02943722920812,4.91921505897359e-07,0.00021178392070562,"CvsT3"
"142","Acerv_evm.model.Segkk1945_pilon.2","GO:0120041",0.0216547461560398,1,1,1,"positive regulation of macrophage proliferation","BP",34,8,12,16,18,17,18,0,12,19,7,24,12,1350,16.8033194983796,-2.95364415423031,0.645065097699942,-4.57883113620917,4.67581480375564e-06,0.00169096166563019,"CvsT1"
"143","Acerv_evm.model.Segkk1945_pilon.2","GO:0043330",0.00343041765546804,0.999944011394379,2,4,"response to exogenous dsRNA","BP",34,8,12,16,18,17,18,0,12,19,7,24,12,1350,16.8033194983796,-2.49558738735355,0.600891203235296,-4.15314348740155,3.27938961656946e-05,0.00470295028445673,"CvsT2"
"144","Acerv_evm.model.Segkk1945_pilon.2","GO:0043330",0.00343041765546804,0.999944011394379,2,4,"response to exogenous dsRNA","BP",34,8,12,16,18,17,18,0,12,19,7,24,12,1350,16.8033194983796,-2.97198302222227,0.59091760902446,-5.02943722920812,4.91921505897359e-07,0.00021178392070562,"CvsT3"
"145","Acerv_evm.model.Segkk1945_pilon.2","GO:0043330",0.00343041765546804,0.999944011394379,2,4,"response to exogenous dsRNA","BP",34,8,12,16,18,17,18,0,12,19,7,24,12,1350,16.8033194983796,-2.95364415423031,0.645065097699942,-4.57883113620917,4.67581480375564e-06,0.00169096166563019,"CvsT1"
"146","Acerv_evm.model.Segkk1945_pilon.2","GO:0006915",0.0326768522250439,0.994962807215015,3,29,"apoptotic process","BP",34,8,12,16,18,17,18,0,12,19,7,24,12,1350,16.8033194983796,-2.49558738735355,0.600891203235296,-4.15314348740155,3.27938961656946e-05,0.00470295028445673,"CvsT2"
"147","Acerv_evm.model.Segkk1945_pilon.2","GO:0006915",0.0326768522250439,0.994962807215015,3,29,"apoptotic process","BP",34,8,12,16,18,17,18,0,12,19,7,24,12,1350,16.8033194983796,-2.97198302222227,0.59091760902446,-5.02943722920812,4.91921505897359e-07,0.00021178392070562,"CvsT3"
"148","Acerv_evm.model.Segkk1945_pilon.2","GO:0006915",0.0326768522250439,0.994962807215015,3,29,"apoptotic process","BP",34,8,12,16,18,17,18,0,12,19,7,24,12,1350,16.8033194983796,-2.95364415423031,0.645065097699942,-4.57883113620917,4.67581480375564e-06,0.00169096166563019,"CvsT1"
"149","Acerv_evm.model.Segkk1945_pilon.2","GO:0010759",0.0216547461560398,1,1,1,"positive regulation of macrophage chemotaxis","BP",34,8,12,16,18,17,18,0,12,19,7,24,12,1350,16.8033194983796,-2.49558738735355,0.600891203235296,-4.15314348740155,3.27938961656946e-05,0.00470295028445673,"CvsT2"
"150","Acerv_evm.model.Segkk1945_pilon.2","GO:0010759",0.0216547461560398,1,1,1,"positive regulation of macrophage chemotaxis","BP",34,8,12,16,18,17,18,0,12,19,7,24,12,1350,16.8033194983796,-2.97198302222227,0.59091760902446,-5.02943722920812,4.91921505897359e-07,0.00021178392070562,"CvsT3"
"151","Acerv_evm.model.Segkk1945_pilon.2","GO:0010759",0.0216547461560398,1,1,1,"positive regulation of macrophage chemotaxis","BP",34,8,12,16,18,17,18,0,12,19,7,24,12,1350,16.8033194983796,-2.95364415423031,0.645065097699942,-4.57883113620917,4.67581480375564e-06,0.00169096166563019,"CvsT1"
"152","Acerv_evm.model.Segkk1945_pilon.2","GO:0060324",0.0425926594393588,0.999538703207051,1,2,"face development","BP",34,8,12,16,18,17,18,0,12,19,7,24,12,1350,16.8033194983796,-2.49558738735355,0.600891203235296,-4.15314348740155,3.27938961656946e-05,0.00470295028445673,"CvsT2"
"153","Acerv_evm.model.Segkk1945_pilon.2","GO:0060324",0.0425926594393588,0.999538703207051,1,2,"face development","BP",34,8,12,16,18,17,18,0,12,19,7,24,12,1350,16.8033194983796,-2.97198302222227,0.59091760902446,-5.02943722920812,4.91921505897359e-07,0.00021178392070562,"CvsT3"
"154","Acerv_evm.model.Segkk1945_pilon.2","GO:0060324",0.0425926594393588,0.999538703207051,1,2,"face development","BP",34,8,12,16,18,17,18,0,12,19,7,24,12,1350,16.8033194983796,-2.95364415423031,0.645065097699942,-4.57883113620917,4.67581480375564e-06,0.00169096166563019,"CvsT1"
"155","Acerv_evm.model.Segkk1945_pilon.2","GO:0038127",0.0216547461560398,1,1,1,"ERBB signaling pathway","BP",34,8,12,16,18,17,18,0,12,19,7,24,12,1350,16.8033194983796,-2.49558738735355,0.600891203235296,-4.15314348740155,3.27938961656946e-05,0.00470295028445673,"CvsT2"
"156","Acerv_evm.model.Segkk1945_pilon.2","GO:0038127",0.0216547461560398,1,1,1,"ERBB signaling pathway","BP",34,8,12,16,18,17,18,0,12,19,7,24,12,1350,16.8033194983796,-2.97198302222227,0.59091760902446,-5.02943722920812,4.91921505897359e-07,0.00021178392070562,"CvsT3"
"157","Acerv_evm.model.Segkk1945_pilon.2","GO:0038127",0.0216547461560398,1,1,1,"ERBB signaling pathway","BP",34,8,12,16,18,17,18,0,12,19,7,24,12,1350,16.8033194983796,-2.95364415423031,0.645065097699942,-4.57883113620917,4.67581480375564e-06,0.00169096166563019,"CvsT1"
"158","Acerv_evm.model.Segkk1945_pilon.2","GO:0061308",0.0216547461560398,1,1,1,"cardiac neural crest cell development involved in heart development","BP",34,8,12,16,18,17,18,0,12,19,7,24,12,1350,16.8033194983796,-2.49558738735355,0.600891203235296,-4.15314348740155,3.27938961656946e-05,0.00470295028445673,"CvsT2"
"159","Acerv_evm.model.Segkk1945_pilon.2","GO:0061308",0.0216547461560398,1,1,1,"cardiac neural crest cell development involved in heart development","BP",34,8,12,16,18,17,18,0,12,19,7,24,12,1350,16.8033194983796,-2.97198302222227,0.59091760902446,-5.02943722920812,4.91921505897359e-07,0.00021178392070562,"CvsT3"
"160","Acerv_evm.model.Segkk1945_pilon.2","GO:0061308",0.0216547461560398,1,1,1,"cardiac neural crest cell development involved in heart development","BP",34,8,12,16,18,17,18,0,12,19,7,24,12,1350,16.8033194983796,-2.95364415423031,0.645065097699942,-4.57883113620917,4.67581480375564e-06,0.00169096166563019,"CvsT1"
"161","Acerv_evm.model.Segkk1945_pilon.2","GO:0070849",0.0430998141639245,0.999527528030496,1,2,"response to epidermal growth factor","BP",34,8,12,16,18,17,18,0,12,19,7,24,12,1350,16.8033194983796,-2.49558738735355,0.600891203235296,-4.15314348740155,3.27938961656946e-05,0.00470295028445673,"CvsT2"
"162","Acerv_evm.model.Segkk1945_pilon.2","GO:0070849",0.0430998141639245,0.999527528030496,1,2,"response to epidermal growth factor","BP",34,8,12,16,18,17,18,0,12,19,7,24,12,1350,16.8033194983796,-2.97198302222227,0.59091760902446,-5.02943722920812,4.91921505897359e-07,0.00021178392070562,"CvsT3"
"163","Acerv_evm.model.Segkk1945_pilon.2","GO:0070849",0.0430998141639245,0.999527528030496,1,2,"response to epidermal growth factor","BP",34,8,12,16,18,17,18,0,12,19,7,24,12,1350,16.8033194983796,-2.95364415423031,0.645065097699942,-4.57883113620917,4.67581480375564e-06,0.00169096166563019,"CvsT1"
"164","Acerv_evm.model.Segkk1945_pilon.2","GO:0071356",0.00572553304945496,0.999562969298826,3,17,"cellular response to tumor necrosis factor","BP",34,8,12,16,18,17,18,0,12,19,7,24,12,1350,16.8033194983796,-2.49558738735355,0.600891203235296,-4.15314348740155,3.27938961656946e-05,0.00470295028445673,"CvsT2"
"165","Acerv_evm.model.Segkk1945_pilon.2","GO:0071356",0.00572553304945496,0.999562969298826,3,17,"cellular response to tumor necrosis factor","BP",34,8,12,16,18,17,18,0,12,19,7,24,12,1350,16.8033194983796,-2.97198302222227,0.59091760902446,-5.02943722920812,4.91921505897359e-07,0.00021178392070562,"CvsT3"
"166","Acerv_evm.model.Segkk1945_pilon.2","GO:0071356",0.00572553304945496,0.999562969298826,3,17,"cellular response to tumor necrosis factor","BP",34,8,12,16,18,17,18,0,12,19,7,24,12,1350,16.8033194983796,-2.95364415423031,0.645065097699942,-4.57883113620917,4.67581480375564e-06,0.00169096166563019,"CvsT1"
"167","Acerv_evm.model.Segkk1945_pilon.2","GO:0060440",0.0425926594393588,0.999538703207051,1,2,"trachea formation","BP",34,8,12,16,18,17,18,0,12,19,7,24,12,1350,16.8033194983796,-2.49558738735355,0.600891203235296,-4.15314348740155,3.27938961656946e-05,0.00470295028445673,"CvsT2"
"168","Acerv_evm.model.Segkk1945_pilon.2","GO:0060440",0.0425926594393588,0.999538703207051,1,2,"trachea formation","BP",34,8,12,16,18,17,18,0,12,19,7,24,12,1350,16.8033194983796,-2.97198302222227,0.59091760902446,-5.02943722920812,4.91921505897359e-07,0.00021178392070562,"CvsT3"
"169","Acerv_evm.model.Segkk1945_pilon.2","GO:0060440",0.0425926594393588,0.999538703207051,1,2,"trachea formation","BP",34,8,12,16,18,17,18,0,12,19,7,24,12,1350,16.8033194983796,-2.95364415423031,0.645065097699942,-4.57883113620917,4.67581480375564e-06,0.00169096166563019,"CvsT1"
"170","Acerv_evm.model.Segkk1945_pilon.2","GO:0070371",0.0482632009259829,0.999405948471261,1,2,"ERK1 and ERK2 cascade","BP",34,8,12,16,18,17,18,0,12,19,7,24,12,1350,16.8033194983796,-2.49558738735355,0.600891203235296,-4.15314348740155,3.27938961656946e-05,0.00470295028445673,"CvsT2"
"171","Acerv_evm.model.Segkk1945_pilon.2","GO:0070371",0.0482632009259829,0.999405948471261,1,2,"ERK1 and ERK2 cascade","BP",34,8,12,16,18,17,18,0,12,19,7,24,12,1350,16.8033194983796,-2.97198302222227,0.59091760902446,-5.02943722920812,4.91921505897359e-07,0.00021178392070562,"CvsT3"
"172","Acerv_evm.model.Segkk1945_pilon.2","GO:0070371",0.0482632009259829,0.999405948471261,1,2,"ERK1 and ERK2 cascade","BP",34,8,12,16,18,17,18,0,12,19,7,24,12,1350,16.8033194983796,-2.95364415423031,0.645065097699942,-4.57883113620917,4.67581480375564e-06,0.00169096166563019,"CvsT1"
"176","Acerv_evm.model.Segkk1945_pilon.2","GO:0015966",0.0216547461560398,1,1,1,"diadenosine tetraphosphate biosynthetic process","BP",34,8,12,16,18,17,18,0,12,19,7,24,12,1350,16.8033194983796,-2.49558738735355,0.600891203235296,-4.15314348740155,3.27938961656946e-05,0.00470295028445673,"CvsT2"
"177","Acerv_evm.model.Segkk1945_pilon.2","GO:0015966",0.0216547461560398,1,1,1,"diadenosine tetraphosphate biosynthetic process","BP",34,8,12,16,18,17,18,0,12,19,7,24,12,1350,16.8033194983796,-2.97198302222227,0.59091760902446,-5.02943722920812,4.91921505897359e-07,0.00021178392070562,"CvsT3"
"178","Acerv_evm.model.Segkk1945_pilon.2","GO:0015966",0.0216547461560398,1,1,1,"diadenosine tetraphosphate biosynthetic process","BP",34,8,12,16,18,17,18,0,12,19,7,24,12,1350,16.8033194983796,-2.95364415423031,0.645065097699942,-4.57883113620917,4.67581480375564e-06,0.00169096166563019,"CvsT1"
"179","Acerv_evm.model.Segkk1945_pilon.2","GO:0090170",0.0425926594393588,0.999538703207051,1,2,"regulation of Golgi inheritance","BP",34,8,12,16,18,17,18,0,12,19,7,24,12,1350,16.8033194983796,-2.49558738735355,0.600891203235296,-4.15314348740155,3.27938961656946e-05,0.00470295028445673,"CvsT2"
"180","Acerv_evm.model.Segkk1945_pilon.2","GO:0090170",0.0425926594393588,0.999538703207051,1,2,"regulation of Golgi inheritance","BP",34,8,12,16,18,17,18,0,12,19,7,24,12,1350,16.8033194983796,-2.97198302222227,0.59091760902446,-5.02943722920812,4.91921505897359e-07,0.00021178392070562,"CvsT3"
"181","Acerv_evm.model.Segkk1945_pilon.2","GO:0090170",0.0425926594393588,0.999538703207051,1,2,"regulation of Golgi inheritance","BP",34,8,12,16,18,17,18,0,12,19,7,24,12,1350,16.8033194983796,-2.95364415423031,0.645065097699942,-4.57883113620917,4.67581480375564e-06,0.00169096166563019,"CvsT1"
"188","Acerv_evm.model.Segkk1945_pilon.2","GO:0030278",0.004434431361712,0.99990421451234,2,5,"regulation of ossification","BP",34,8,12,16,18,17,18,0,12,19,7,24,12,1350,16.8033194983796,-2.49558738735355,0.600891203235296,-4.15314348740155,3.27938961656946e-05,0.00470295028445673,"CvsT2"
"189","Acerv_evm.model.Segkk1945_pilon.2","GO:0030278",0.004434431361712,0.99990421451234,2,5,"regulation of ossification","BP",34,8,12,16,18,17,18,0,12,19,7,24,12,1350,16.8033194983796,-2.97198302222227,0.59091760902446,-5.02943722920812,4.91921505897359e-07,0.00021178392070562,"CvsT3"
"190","Acerv_evm.model.Segkk1945_pilon.2","GO:0030278",0.004434431361712,0.99990421451234,2,5,"regulation of ossification","BP",34,8,12,16,18,17,18,0,12,19,7,24,12,1350,16.8033194983796,-2.95364415423031,0.645065097699942,-4.57883113620917,4.67581480375564e-06,0.00169096166563019,"CvsT1"
"191","Acerv_evm.model.Segkk1947_pilon.7","GO:0016055",0.041684849654316,0.996169134698508,2,13,"Wnt signaling pathway","BP",1871,5915,5070,1052,1953,1006,1377,4667,900,1181,808,2889,689,975,1781.45631116872,0.7523217670236,0.201213638730498,3.7389203424289,0.000184812271727002,0.0265220277568861,"CvsT1"
"192","Acerv_evm.model.Segkk1947_pilon.7","GO:0016055",0.041684849654316,0.996169134698508,2,13,"Wnt signaling pathway","BP",1871,5915,5070,1052,1953,1006,1377,4667,900,1181,808,2889,689,975,1781.45631116872,0.805202760316841,0.179791336200453,4.47854038650175,7.51551530440949e-06,0.00150995053038147,"CvsT2"
"193","Acerv_evm.model.Segkk1947_pilon.7","GO:0016055",0.041684849654316,0.996169134698508,2,13,"Wnt signaling pathway","BP",1871,5915,5070,1052,1953,1006,1377,4667,900,1181,808,2889,689,975,1781.45631116872,0.740119135808912,0.179892080727051,4.1142396753523,3.88457664059842e-05,0.0092422256335922,"CvsT3"
"196","Acerv_evm.model.Segkk1991_pilon.4","GO:0010506",0.00576474779983078,0.999567152866091,3,15,"regulation of autophagy","BP",129,166,161,104,202,67,144,100,28,59,94,356,43,537,115.796624160812,-1.17152956174827,0.340101951644682,-3.44464227883117,0.000571815603455509,0.0386990602271957,"CvsT2"
"197","Acerv_evm.model.Segkk1991_pilon.4","GO:0010506",0.00576474779983078,0.999567152866091,3,15,"regulation of autophagy","BP",129,166,161,104,202,67,144,100,28,59,94,356,43,537,115.796624160812,-1.55401734549397,0.373186108224199,-4.16418862129874,3.12461728302762e-05,0.00672611067996493,"CvsT4"
"198","Acerv_evm.model.Segkk1991_pilon.4","GO:0060627",0.0030127162805093,0.999825416102579,3,13,"regulation of vesicle-mediated transport","BP",129,166,161,104,202,67,144,100,28,59,94,356,43,537,115.796624160812,-1.17152956174827,0.340101951644682,-3.44464227883117,0.000571815603455509,0.0386990602271957,"CvsT2"
"199","Acerv_evm.model.Segkk1991_pilon.4","GO:0060627",0.0030127162805093,0.999825416102579,3,13,"regulation of vesicle-mediated transport","BP",129,166,161,104,202,67,144,100,28,59,94,356,43,537,115.796624160812,-1.55401734549397,0.373186108224199,-4.16418862129874,3.12461728302762e-05,0.00672611067996493,"CvsT4"
"200","Acerv_evm.model.Segkk1991_pilon.4","GO:0042391",0.00361391757658163,0.999457702860776,5,44,"regulation of membrane potential","BP",129,166,161,104,202,67,144,100,28,59,94,356,43,537,115.796624160812,-1.17152956174827,0.340101951644682,-3.44464227883117,0.000571815603455509,0.0386990602271957,"CvsT2"
"201","Acerv_evm.model.Segkk1991_pilon.4","GO:0042391",0.00361391757658163,0.999457702860776,5,44,"regulation of membrane potential","BP",129,166,161,104,202,67,144,100,28,59,94,356,43,537,115.796624160812,-1.55401734549397,0.373186108224199,-4.16418862129874,3.12461728302762e-05,0.00672611067996493,"CvsT4"
"202","Acerv_evm.model.Segkk1991_pilon.4","GO:0006996",0.00399445560224313,0.999554020421145,4,28,"organelle organization","BP",129,166,161,104,202,67,144,100,28,59,94,356,43,537,115.796624160812,-1.17152956174827,0.340101951644682,-3.44464227883117,0.000571815603455509,0.0386990602271957,"CvsT2"
"203","Acerv_evm.model.Segkk1991_pilon.4","GO:0006996",0.00399445560224313,0.999554020421145,4,28,"organelle organization","BP",129,166,161,104,202,67,144,100,28,59,94,356,43,537,115.796624160812,-1.55401734549397,0.373186108224199,-4.16418862129874,3.12461728302762e-05,0.00672611067996493,"CvsT4"
"204","Acerv_evm.model.Segkk1991_pilon.4","GO:0070887",0.00517481574459637,0.999374355980325,4,30,"cellular response to chemical stimulus","BP",129,166,161,104,202,67,144,100,28,59,94,356,43,537,115.796624160812,-1.17152956174827,0.340101951644682,-3.44464227883117,0.000571815603455509,0.0386990602271957,"CvsT2"
"205","Acerv_evm.model.Segkk1991_pilon.4","GO:0070887",0.00517481574459637,0.999374355980325,4,30,"cellular response to chemical stimulus","BP",129,166,161,104,202,67,144,100,28,59,94,356,43,537,115.796624160812,-1.55401734549397,0.373186108224199,-4.16418862129874,3.12461728302762e-05,0.00672611067996493,"CvsT4"
"208","Acerv_evm.model.Segkk1991_pilon.4","GO:1902531",0.00116104356819137,0.999911652546393,4,20,"regulation of intracellular signal transduction","BP",129,166,161,104,202,67,144,100,28,59,94,356,43,537,115.796624160812,-1.17152956174827,0.340101951644682,-3.44464227883117,0.000571815603455509,0.0386990602271957,"CvsT2"
"209","Acerv_evm.model.Segkk1991_pilon.4","GO:1902531",0.00116104356819137,0.999911652546393,4,20,"regulation of intracellular signal transduction","BP",129,166,161,104,202,67,144,100,28,59,94,356,43,537,115.796624160812,-1.55401734549397,0.373186108224199,-4.16418862129874,3.12461728302762e-05,0.00672611067996493,"CvsT4"
"210","Acerv_evm.model.Segkk1991_pilon.4","GO:0009967",0.0232132695160049,0.996878338512387,3,27,"positive regulation of signal transduction","BP",129,166,161,104,202,67,144,100,28,59,94,356,43,537,115.796624160812,-1.17152956174827,0.340101951644682,-3.44464227883117,0.000571815603455509,0.0386990602271957,"CvsT2"
"211","Acerv_evm.model.Segkk1991_pilon.4","GO:0009967",0.0232132695160049,0.996878338512387,3,27,"positive regulation of signal transduction","BP",129,166,161,104,202,67,144,100,28,59,94,356,43,537,115.796624160812,-1.55401734549397,0.373186108224199,-4.16418862129874,3.12461728302762e-05,0.00672611067996493,"CvsT4"
"216","Acerv_evm.model.Segkk20_pilon.1","GO:0045944",0.034163324423141,0.987224450876541,8,159,"positive regulation of transcription by RNA polymerase II","BP",199,849,693,131,240,115,144,644,123,148,88,234,55,2294,212.109273438504,1.04894910309027,0.210874909040561,4.97427175126135,6.54933804490868e-07,0.000311645080336944,"CvsT4"
"217","Acerv_evm.model.Segkk20_pilon.1","GO:0045944",0.034163324423141,0.987224450876541,8,159,"positive regulation of transcription by RNA polymerase II","BP",199,849,693,131,240,115,144,644,123,148,88,234,55,2294,212.109273438504,0.96622144876892,0.219007379745837,4.41182141848482,1.02504644359172e-05,0.00319567065396991,"CvsT1"
"218","Acerv_evm.model.Segkk20_pilon.1","GO:0045944",0.034163324423141,0.987224450876541,8,159,"positive regulation of transcription by RNA polymerase II","BP",199,849,693,131,240,115,144,644,123,148,88,234,55,2294,212.109273438504,1.10559830539745,0.196332462270368,5.63125574147256,1.78902212479101e-08,1.01090931438972e-05,"CvsT3"
"219","Acerv_evm.model.Segkk20_pilon.1","GO:0045944",0.034163324423141,0.987224450876541,8,159,"positive regulation of transcription by RNA polymerase II","BP",199,849,693,131,240,115,144,644,123,148,88,234,55,2294,212.109273438504,1.12074157173849,0.195331601356425,5.73763571258216,9.60073416953046e-09,5.4250148516703e-06,"CvsT2"
"220","Acerv_evm.model.Segkk20_pilon.1","GO:0072038",0.0214085677121724,1,1,1,"mesenchymal stem cell maintenance involved in nephron morphogenesis","BP",199,849,693,131,240,115,144,644,123,148,88,234,55,2294,212.109273438504,1.04894910309027,0.210874909040561,4.97427175126135,6.54933804490868e-07,0.000311645080336944,"CvsT4"
"221","Acerv_evm.model.Segkk20_pilon.1","GO:0072038",0.0214085677121724,1,1,1,"mesenchymal stem cell maintenance involved in nephron morphogenesis","BP",199,849,693,131,240,115,144,644,123,148,88,234,55,2294,212.109273438504,0.96622144876892,0.219007379745837,4.41182141848482,1.02504644359172e-05,0.00319567065396991,"CvsT1"
"222","Acerv_evm.model.Segkk20_pilon.1","GO:0072038",0.0214085677121724,1,1,1,"mesenchymal stem cell maintenance involved in nephron morphogenesis","BP",199,849,693,131,240,115,144,644,123,148,88,234,55,2294,212.109273438504,1.10559830539745,0.196332462270368,5.63125574147256,1.78902212479101e-08,1.01090931438972e-05,"CvsT3"
"223","Acerv_evm.model.Segkk20_pilon.1","GO:0072038",0.0214085677121724,1,1,1,"mesenchymal stem cell maintenance involved in nephron morphogenesis","BP",199,849,693,131,240,115,144,644,123,148,88,234,55,2294,212.109273438504,1.12074157173849,0.195331601356425,5.73763571258216,9.60073416953046e-09,5.4250148516703e-06,"CvsT2"
"224","Acerv_evm.model.Segkk20_pilon.1","GO:0072107",0.0214085677121724,1,1,1,"positive regulation of ureteric bud formation","BP",199,849,693,131,240,115,144,644,123,148,88,234,55,2294,212.109273438504,1.04894910309027,0.210874909040561,4.97427175126135,6.54933804490868e-07,0.000311645080336944,"CvsT4"
"225","Acerv_evm.model.Segkk20_pilon.1","GO:0072107",0.0214085677121724,1,1,1,"positive regulation of ureteric bud formation","BP",199,849,693,131,240,115,144,644,123,148,88,234,55,2294,212.109273438504,0.96622144876892,0.219007379745837,4.41182141848482,1.02504644359172e-05,0.00319567065396991,"CvsT1"
"226","Acerv_evm.model.Segkk20_pilon.1","GO:0072107",0.0214085677121724,1,1,1,"positive regulation of ureteric bud formation","BP",199,849,693,131,240,115,144,644,123,148,88,234,55,2294,212.109273438504,1.10559830539745,0.196332462270368,5.63125574147256,1.78902212479101e-08,1.01090931438972e-05,"CvsT3"
"227","Acerv_evm.model.Segkk20_pilon.1","GO:0072107",0.0214085677121724,1,1,1,"positive regulation of ureteric bud formation","BP",199,849,693,131,240,115,144,644,123,148,88,234,55,2294,212.109273438504,1.12074157173849,0.195331601356425,5.73763571258216,9.60073416953046e-09,5.4250148516703e-06,"CvsT2"
"228","Acerv_evm.model.Segkk20_pilon.1","GO:0030278",0.004434431361712,0.99990421451234,2,5,"regulation of ossification","BP",199,849,693,131,240,115,144,644,123,148,88,234,55,2294,212.109273438504,1.04894910309027,0.210874909040561,4.97427175126135,6.54933804490868e-07,0.000311645080336944,"CvsT4"
"229","Acerv_evm.model.Segkk20_pilon.1","GO:0030278",0.004434431361712,0.99990421451234,2,5,"regulation of ossification","BP",199,849,693,131,240,115,144,644,123,148,88,234,55,2294,212.109273438504,0.96622144876892,0.219007379745837,4.41182141848482,1.02504644359172e-05,0.00319567065396991,"CvsT1"
"230","Acerv_evm.model.Segkk20_pilon.1","GO:0030278",0.004434431361712,0.99990421451234,2,5,"regulation of ossification","BP",199,849,693,131,240,115,144,644,123,148,88,234,55,2294,212.109273438504,1.10559830539745,0.196332462270368,5.63125574147256,1.78902212479101e-08,1.01090931438972e-05,"CvsT3"
"231","Acerv_evm.model.Segkk20_pilon.1","GO:0030278",0.004434431361712,0.99990421451234,2,5,"regulation of ossification","BP",199,849,693,131,240,115,144,644,123,148,88,234,55,2294,212.109273438504,1.12074157173849,0.195331601356425,5.73763571258216,9.60073416953046e-09,5.4250148516703e-06,"CvsT2"
"232","Acerv_evm.model.Segkk20_pilon.1","GO:0072095",0.0214085677121724,1,1,1,"regulation of branch elongation involved in ureteric bud branching","BP",199,849,693,131,240,115,144,644,123,148,88,234,55,2294,212.109273438504,1.04894910309027,0.210874909040561,4.97427175126135,6.54933804490868e-07,0.000311645080336944,"CvsT4"
"233","Acerv_evm.model.Segkk20_pilon.1","GO:0072095",0.0214085677121724,1,1,1,"regulation of branch elongation involved in ureteric bud branching","BP",199,849,693,131,240,115,144,644,123,148,88,234,55,2294,212.109273438504,0.96622144876892,0.219007379745837,4.41182141848482,1.02504644359172e-05,0.00319567065396991,"CvsT1"
"234","Acerv_evm.model.Segkk20_pilon.1","GO:0072095",0.0214085677121724,1,1,1,"regulation of branch elongation involved in ureteric bud branching","BP",199,849,693,131,240,115,144,644,123,148,88,234,55,2294,212.109273438504,1.10559830539745,0.196332462270368,5.63125574147256,1.78902212479101e-08,1.01090931438972e-05,"CvsT3"
"235","Acerv_evm.model.Segkk20_pilon.1","GO:0072095",0.0214085677121724,1,1,1,"regulation of branch elongation involved in ureteric bud branching","BP",199,849,693,131,240,115,144,644,123,148,88,234,55,2294,212.109273438504,1.12074157173849,0.195331601356425,5.73763571258216,9.60073416953046e-09,5.4250148516703e-06,"CvsT2"
"236","Acerv_evm.model.Segkk20_pilon.1","GO:0001746",0.0214085677121724,1,1,1,"Bolwig's organ morphogenesis","BP",199,849,693,131,240,115,144,644,123,148,88,234,55,2294,212.109273438504,1.04894910309027,0.210874909040561,4.97427175126135,6.54933804490868e-07,0.000311645080336944,"CvsT4"
"237","Acerv_evm.model.Segkk20_pilon.1","GO:0001746",0.0214085677121724,1,1,1,"Bolwig's organ morphogenesis","BP",199,849,693,131,240,115,144,644,123,148,88,234,55,2294,212.109273438504,0.96622144876892,0.219007379745837,4.41182141848482,1.02504644359172e-05,0.00319567065396991,"CvsT1"
"238","Acerv_evm.model.Segkk20_pilon.1","GO:0001746",0.0214085677121724,1,1,1,"Bolwig's organ morphogenesis","BP",199,849,693,131,240,115,144,644,123,148,88,234,55,2294,212.109273438504,1.10559830539745,0.196332462270368,5.63125574147256,1.78902212479101e-08,1.01090931438972e-05,"CvsT3"
"239","Acerv_evm.model.Segkk20_pilon.1","GO:0001746",0.0214085677121724,1,1,1,"Bolwig's organ morphogenesis","BP",199,849,693,131,240,115,144,644,123,148,88,234,55,2294,212.109273438504,1.12074157173849,0.195331601356425,5.73763571258216,9.60073416953046e-09,5.4250148516703e-06,"CvsT2"
"240","Acerv_evm.model.Segkk20_pilon.1","GO:0007501",0.0427350347968549,0.999535579762595,1,2,"mesodermal cell fate specification","BP",199,849,693,131,240,115,144,644,123,148,88,234,55,2294,212.109273438504,1.04894910309027,0.210874909040561,4.97427175126135,6.54933804490868e-07,0.000311645080336944,"CvsT4"
"241","Acerv_evm.model.Segkk20_pilon.1","GO:0007501",0.0427350347968549,0.999535579762595,1,2,"mesodermal cell fate specification","BP",199,849,693,131,240,115,144,644,123,148,88,234,55,2294,212.109273438504,0.96622144876892,0.219007379745837,4.41182141848482,1.02504644359172e-05,0.00319567065396991,"CvsT1"
"242","Acerv_evm.model.Segkk20_pilon.1","GO:0007501",0.0427350347968549,0.999535579762595,1,2,"mesodermal cell fate specification","BP",199,849,693,131,240,115,144,644,123,148,88,234,55,2294,212.109273438504,1.10559830539745,0.196332462270368,5.63125574147256,1.78902212479101e-08,1.01090931438972e-05,"CvsT3"
"243","Acerv_evm.model.Segkk20_pilon.1","GO:0007501",0.0427350347968549,0.999535579762595,1,2,"mesodermal cell fate specification","BP",199,849,693,131,240,115,144,644,123,148,88,234,55,2294,212.109273438504,1.12074157173849,0.195331601356425,5.73763571258216,9.60073416953046e-09,5.4250148516703e-06,"CvsT2"
"244","Acerv_evm.model.Segkk20_pilon.1","GO:0048538",0.00671967428151926,0.999804343001634,2,6,"thymus development","BP",199,849,693,131,240,115,144,644,123,148,88,234,55,2294,212.109273438504,1.04894910309027,0.210874909040561,4.97427175126135,6.54933804490868e-07,0.000311645080336944,"CvsT4"
"245","Acerv_evm.model.Segkk20_pilon.1","GO:0048538",0.00671967428151926,0.999804343001634,2,6,"thymus development","BP",199,849,693,131,240,115,144,644,123,148,88,234,55,2294,212.109273438504,0.96622144876892,0.219007379745837,4.41182141848482,1.02504644359172e-05,0.00319567065396991,"CvsT1"
"246","Acerv_evm.model.Segkk20_pilon.1","GO:0048538",0.00671967428151926,0.999804343001634,2,6,"thymus development","BP",199,849,693,131,240,115,144,644,123,148,88,234,55,2294,212.109273438504,1.10559830539745,0.196332462270368,5.63125574147256,1.78902212479101e-08,1.01090931438972e-05,"CvsT3"
"247","Acerv_evm.model.Segkk20_pilon.1","GO:0048538",0.00671967428151926,0.999804343001634,2,6,"thymus development","BP",199,849,693,131,240,115,144,644,123,148,88,234,55,2294,212.109273438504,1.12074157173849,0.195331601356425,5.73763571258216,9.60073416953046e-09,5.4250148516703e-06,"CvsT2"
"248","Acerv_evm.model.Segkk20_pilon.1","GO:1902732",0.0386770806207612,0.999620390491997,1,2,"positive regulation of chondrocyte proliferation","BP",199,849,693,131,240,115,144,644,123,148,88,234,55,2294,212.109273438504,1.04894910309027,0.210874909040561,4.97427175126135,6.54933804490868e-07,0.000311645080336944,"CvsT4"
"249","Acerv_evm.model.Segkk20_pilon.1","GO:1902732",0.0386770806207612,0.999620390491997,1,2,"positive regulation of chondrocyte proliferation","BP",199,849,693,131,240,115,144,644,123,148,88,234,55,2294,212.109273438504,0.96622144876892,0.219007379745837,4.41182141848482,1.02504644359172e-05,0.00319567065396991,"CvsT1"
"250","Acerv_evm.model.Segkk20_pilon.1","GO:1902732",0.0386770806207612,0.999620390491997,1,2,"positive regulation of chondrocyte proliferation","BP",199,849,693,131,240,115,144,644,123,148,88,234,55,2294,212.109273438504,1.10559830539745,0.196332462270368,5.63125574147256,1.78902212479101e-08,1.01090931438972e-05,"CvsT3"
"251","Acerv_evm.model.Segkk20_pilon.1","GO:1902732",0.0386770806207612,0.999620390491997,1,2,"positive regulation of chondrocyte proliferation","BP",199,849,693,131,240,115,144,644,123,148,88,234,55,2294,212.109273438504,1.12074157173849,0.195331601356425,5.73763571258216,9.60073416953046e-09,5.4250148516703e-06,"CvsT2"
"252","Acerv_evm.model.Segkk20_pilon.1","GO:0035271",0.0214085677121724,1,1,1,"ring gland development","BP",199,849,693,131,240,115,144,644,123,148,88,234,55,2294,212.109273438504,1.04894910309027,0.210874909040561,4.97427175126135,6.54933804490868e-07,0.000311645080336944,"CvsT4"
"253","Acerv_evm.model.Segkk20_pilon.1","GO:0035271",0.0214085677121724,1,1,1,"ring gland development","BP",199,849,693,131,240,115,144,644,123,148,88,234,55,2294,212.109273438504,0.96622144876892,0.219007379745837,4.41182141848482,1.02504644359172e-05,0.00319567065396991,"CvsT1"
"254","Acerv_evm.model.Segkk20_pilon.1","GO:0035271",0.0214085677121724,1,1,1,"ring gland development","BP",199,849,693,131,240,115,144,644,123,148,88,234,55,2294,212.109273438504,1.10559830539745,0.196332462270368,5.63125574147256,1.78902212479101e-08,1.01090931438972e-05,"CvsT3"
"255","Acerv_evm.model.Segkk20_pilon.1","GO:0035271",0.0214085677121724,1,1,1,"ring gland development","BP",199,849,693,131,240,115,144,644,123,148,88,234,55,2294,212.109273438504,1.12074157173849,0.195331601356425,5.73763571258216,9.60073416953046e-09,5.4250148516703e-06,"CvsT2"
"256","Acerv_evm.model.Segkk20_pilon.1","GO:0001744",0.0214085677121724,1,1,1,"optic lobe placode formation","BP",199,849,693,131,240,115,144,644,123,148,88,234,55,2294,212.109273438504,1.04894910309027,0.210874909040561,4.97427175126135,6.54933804490868e-07,0.000311645080336944,"CvsT4"
"257","Acerv_evm.model.Segkk20_pilon.1","GO:0001744",0.0214085677121724,1,1,1,"optic lobe placode formation","BP",199,849,693,131,240,115,144,644,123,148,88,234,55,2294,212.109273438504,0.96622144876892,0.219007379745837,4.41182141848482,1.02504644359172e-05,0.00319567065396991,"CvsT1"
"258","Acerv_evm.model.Segkk20_pilon.1","GO:0001744",0.0214085677121724,1,1,1,"optic lobe placode formation","BP",199,849,693,131,240,115,144,644,123,148,88,234,55,2294,212.109273438504,1.10559830539745,0.196332462270368,5.63125574147256,1.78902212479101e-08,1.01090931438972e-05,"CvsT3"
"259","Acerv_evm.model.Segkk20_pilon.1","GO:0001744",0.0214085677121724,1,1,1,"optic lobe placode formation","BP",199,849,693,131,240,115,144,644,123,148,88,234,55,2294,212.109273438504,1.12074157173849,0.195331601356425,5.73763571258216,9.60073416953046e-09,5.4250148516703e-06,"CvsT2"
"260","Acerv_evm.model.Segkk20_pilon.1","GO:0006606",0.0104830728920493,0.998987737650034,3,19,"protein import into nucleus","BP",199,849,693,131,240,115,144,644,123,148,88,234,55,2294,212.109273438504,1.04894910309027,0.210874909040561,4.97427175126135,6.54933804490868e-07,0.000311645080336944,"CvsT4"
"261","Acerv_evm.model.Segkk20_pilon.1","GO:0006606",0.0104830728920493,0.998987737650034,3,19,"protein import into nucleus","BP",199,849,693,131,240,115,144,644,123,148,88,234,55,2294,212.109273438504,0.96622144876892,0.219007379745837,4.41182141848482,1.02504644359172e-05,0.00319567065396991,"CvsT1"
"262","Acerv_evm.model.Segkk20_pilon.1","GO:0006606",0.0104830728920493,0.998987737650034,3,19,"protein import into nucleus","BP",199,849,693,131,240,115,144,644,123,148,88,234,55,2294,212.109273438504,1.10559830539745,0.196332462270368,5.63125574147256,1.78902212479101e-08,1.01090931438972e-05,"CvsT3"
"263","Acerv_evm.model.Segkk20_pilon.1","GO:0006606",0.0104830728920493,0.998987737650034,3,19,"protein import into nucleus","BP",199,849,693,131,240,115,144,644,123,148,88,234,55,2294,212.109273438504,1.12074157173849,0.195331601356425,5.73763571258216,9.60073416953046e-09,5.4250148516703e-06,"CvsT2"
"264","Acerv_evm.model.Segkk20_pilon.1","GO:0043282",0.0214085677121724,1,1,1,"pharyngeal muscle development","BP",199,849,693,131,240,115,144,644,123,148,88,234,55,2294,212.109273438504,1.04894910309027,0.210874909040561,4.97427175126135,6.54933804490868e-07,0.000311645080336944,"CvsT4"
"265","Acerv_evm.model.Segkk20_pilon.1","GO:0043282",0.0214085677121724,1,1,1,"pharyngeal muscle development","BP",199,849,693,131,240,115,144,644,123,148,88,234,55,2294,212.109273438504,0.96622144876892,0.219007379745837,4.41182141848482,1.02504644359172e-05,0.00319567065396991,"CvsT1"
"266","Acerv_evm.model.Segkk20_pilon.1","GO:0043282",0.0214085677121724,1,1,1,"pharyngeal muscle development","BP",199,849,693,131,240,115,144,644,123,148,88,234,55,2294,212.109273438504,1.10559830539745,0.196332462270368,5.63125574147256,1.78902212479101e-08,1.01090931438972e-05,"CvsT3"
"267","Acerv_evm.model.Segkk20_pilon.1","GO:0043282",0.0214085677121724,1,1,1,"pharyngeal muscle development","BP",199,849,693,131,240,115,144,644,123,148,88,234,55,2294,212.109273438504,1.12074157173849,0.195331601356425,5.73763571258216,9.60073416953046e-09,5.4250148516703e-06,"CvsT2"
"268","Acerv_evm.model.Segkk20_pilon.1","GO:0030878",0.00463761996904163,0.999897478551887,2,5,"thyroid gland development","BP",199,849,693,131,240,115,144,644,123,148,88,234,55,2294,212.109273438504,1.04894910309027,0.210874909040561,4.97427175126135,6.54933804490868e-07,0.000311645080336944,"CvsT4"
"269","Acerv_evm.model.Segkk20_pilon.1","GO:0030878",0.00463761996904163,0.999897478551887,2,5,"thyroid gland development","BP",199,849,693,131,240,115,144,644,123,148,88,234,55,2294,212.109273438504,0.96622144876892,0.219007379745837,4.41182141848482,1.02504644359172e-05,0.00319567065396991,"CvsT1"
"270","Acerv_evm.model.Segkk20_pilon.1","GO:0030878",0.00463761996904163,0.999897478551887,2,5,"thyroid gland development","BP",199,849,693,131,240,115,144,644,123,148,88,234,55,2294,212.109273438504,1.10559830539745,0.196332462270368,5.63125574147256,1.78902212479101e-08,1.01090931438972e-05,"CvsT3"
"271","Acerv_evm.model.Segkk20_pilon.1","GO:0030878",0.00463761996904163,0.999897478551887,2,5,"thyroid gland development","BP",199,849,693,131,240,115,144,644,123,148,88,234,55,2294,212.109273438504,1.12074157173849,0.195331601356425,5.73763571258216,9.60073416953046e-09,5.4250148516703e-06,"CvsT2"
"272","Acerv_evm.model.Segkk20_pilon.1","GO:0003337",0.0214085677121724,1,1,1,"mesenchymal to epithelial transition involved in metanephros morphogenesis","BP",199,849,693,131,240,115,144,644,123,148,88,234,55,2294,212.109273438504,1.04894910309027,0.210874909040561,4.97427175126135,6.54933804490868e-07,0.000311645080336944,"CvsT4"
"273","Acerv_evm.model.Segkk20_pilon.1","GO:0003337",0.0214085677121724,1,1,1,"mesenchymal to epithelial transition involved in metanephros morphogenesis","BP",199,849,693,131,240,115,144,644,123,148,88,234,55,2294,212.109273438504,0.96622144876892,0.219007379745837,4.41182141848482,1.02504644359172e-05,0.00319567065396991,"CvsT1"
"274","Acerv_evm.model.Segkk20_pilon.1","GO:0003337",0.0214085677121724,1,1,1,"mesenchymal to epithelial transition involved in metanephros morphogenesis","BP",199,849,693,131,240,115,144,644,123,148,88,234,55,2294,212.109273438504,1.10559830539745,0.196332462270368,5.63125574147256,1.78902212479101e-08,1.01090931438972e-05,"CvsT3"
"275","Acerv_evm.model.Segkk20_pilon.1","GO:0003337",0.0214085677121724,1,1,1,"mesenchymal to epithelial transition involved in metanephros morphogenesis","BP",199,849,693,131,240,115,144,644,123,148,88,234,55,2294,212.109273438504,1.12074157173849,0.195331601356425,5.73763571258216,9.60073416953046e-09,5.4250148516703e-06,"CvsT2"
"276","Acerv_evm.model.Segkk20_pilon.1","GO:0097168",0.0214085677121724,1,1,1,"mesenchymal stem cell proliferation","BP",199,849,693,131,240,115,144,644,123,148,88,234,55,2294,212.109273438504,1.04894910309027,0.210874909040561,4.97427175126135,6.54933804490868e-07,0.000311645080336944,"CvsT4"
"277","Acerv_evm.model.Segkk20_pilon.1","GO:0097168",0.0214085677121724,1,1,1,"mesenchymal stem cell proliferation","BP",199,849,693,131,240,115,144,644,123,148,88,234,55,2294,212.109273438504,0.96622144876892,0.219007379745837,4.41182141848482,1.02504644359172e-05,0.00319567065396991,"CvsT1"
"278","Acerv_evm.model.Segkk20_pilon.1","GO:0097168",0.0214085677121724,1,1,1,"mesenchymal stem cell proliferation","BP",199,849,693,131,240,115,144,644,123,148,88,234,55,2294,212.109273438504,1.10559830539745,0.196332462270368,5.63125574147256,1.78902212479101e-08,1.01090931438972e-05,"CvsT3"
"279","Acerv_evm.model.Segkk20_pilon.1","GO:0097168",0.0214085677121724,1,1,1,"mesenchymal stem cell proliferation","BP",199,849,693,131,240,115,144,644,123,148,88,234,55,2294,212.109273438504,1.12074157173849,0.195331601356425,5.73763571258216,9.60073416953046e-09,5.4250148516703e-06,"CvsT2"
"280","Acerv_evm.model.Segkk20_pilon.1","GO:0045596",0.0301487928044789,0.997702213834594,2,12,"negative regulation of cell differentiation","BP",199,849,693,131,240,115,144,644,123,148,88,234,55,2294,212.109273438504,1.04894910309027,0.210874909040561,4.97427175126135,6.54933804490868e-07,0.000311645080336944,"CvsT4"
"281","Acerv_evm.model.Segkk20_pilon.1","GO:0045596",0.0301487928044789,0.997702213834594,2,12,"negative regulation of cell differentiation","BP",199,849,693,131,240,115,144,644,123,148,88,234,55,2294,212.109273438504,0.96622144876892,0.219007379745837,4.41182141848482,1.02504644359172e-05,0.00319567065396991,"CvsT1"
"282","Acerv_evm.model.Segkk20_pilon.1","GO:0045596",0.0301487928044789,0.997702213834594,2,12,"negative regulation of cell differentiation","BP",199,849,693,131,240,115,144,644,123,148,88,234,55,2294,212.109273438504,1.10559830539745,0.196332462270368,5.63125574147256,1.78902212479101e-08,1.01090931438972e-05,"CvsT3"
"283","Acerv_evm.model.Segkk20_pilon.1","GO:0045596",0.0301487928044789,0.997702213834594,2,12,"negative regulation of cell differentiation","BP",199,849,693,131,240,115,144,644,123,148,88,234,55,2294,212.109273438504,1.12074157173849,0.195331601356425,5.73763571258216,9.60073416953046e-09,5.4250148516703e-06,"CvsT2"
"284","Acerv_evm.model.Segkk20_pilon.1","GO:0072161",0.0214085677121724,1,1,1,"mesenchymal cell differentiation involved in kidney development","BP",199,849,693,131,240,115,144,644,123,148,88,234,55,2294,212.109273438504,1.04894910309027,0.210874909040561,4.97427175126135,6.54933804490868e-07,0.000311645080336944,"CvsT4"
"285","Acerv_evm.model.Segkk20_pilon.1","GO:0072161",0.0214085677121724,1,1,1,"mesenchymal cell differentiation involved in kidney development","BP",199,849,693,131,240,115,144,644,123,148,88,234,55,2294,212.109273438504,0.96622144876892,0.219007379745837,4.41182141848482,1.02504644359172e-05,0.00319567065396991,"CvsT1"
"286","Acerv_evm.model.Segkk20_pilon.1","GO:0072161",0.0214085677121724,1,1,1,"mesenchymal cell differentiation involved in kidney development","BP",199,849,693,131,240,115,144,644,123,148,88,234,55,2294,212.109273438504,1.10559830539745,0.196332462270368,5.63125574147256,1.78902212479101e-08,1.01090931438972e-05,"CvsT3"
"287","Acerv_evm.model.Segkk20_pilon.1","GO:0072161",0.0214085677121724,1,1,1,"mesenchymal cell differentiation involved in kidney development","BP",199,849,693,131,240,115,144,644,123,148,88,234,55,2294,212.109273438504,1.12074157173849,0.195331601356425,5.73763571258216,9.60073416953046e-09,5.4250148516703e-06,"CvsT2"
"288","Acerv_evm.model.Segkk20_pilon.1","GO:0048935",0.0423670323166887,0.999543630978314,1,2,"peripheral nervous system neuron development","BP",199,849,693,131,240,115,144,644,123,148,88,234,55,2294,212.109273438504,1.04894910309027,0.210874909040561,4.97427175126135,6.54933804490868e-07,0.000311645080336944,"CvsT4"
"289","Acerv_evm.model.Segkk20_pilon.1","GO:0048935",0.0423670323166887,0.999543630978314,1,2,"peripheral nervous system neuron development","BP",199,849,693,131,240,115,144,644,123,148,88,234,55,2294,212.109273438504,0.96622144876892,0.219007379745837,4.41182141848482,1.02504644359172e-05,0.00319567065396991,"CvsT1"
"290","Acerv_evm.model.Segkk20_pilon.1","GO:0048935",0.0423670323166887,0.999543630978314,1,2,"peripheral nervous system neuron development","BP",199,849,693,131,240,115,144,644,123,148,88,234,55,2294,212.109273438504,1.10559830539745,0.196332462270368,5.63125574147256,1.78902212479101e-08,1.01090931438972e-05,"CvsT3"
"291","Acerv_evm.model.Segkk20_pilon.1","GO:0048935",0.0423670323166887,0.999543630978314,1,2,"peripheral nervous system neuron development","BP",199,849,693,131,240,115,144,644,123,148,88,234,55,2294,212.109273438504,1.12074157173849,0.195331601356425,5.73763571258216,9.60073416953046e-09,5.4250148516703e-06,"CvsT2"
"292","Acerv_evm.model.Segkk20_pilon.1","GO:0032330",0.0423965489037347,0.999542987863787,1,2,"regulation of chondrocyte differentiation","BP",199,849,693,131,240,115,144,644,123,148,88,234,55,2294,212.109273438504,1.04894910309027,0.210874909040561,4.97427175126135,6.54933804490868e-07,0.000311645080336944,"CvsT4"
"293","Acerv_evm.model.Segkk20_pilon.1","GO:0032330",0.0423965489037347,0.999542987863787,1,2,"regulation of chondrocyte differentiation","BP",199,849,693,131,240,115,144,644,123,148,88,234,55,2294,212.109273438504,0.96622144876892,0.219007379745837,4.41182141848482,1.02504644359172e-05,0.00319567065396991,"CvsT1"
"294","Acerv_evm.model.Segkk20_pilon.1","GO:0032330",0.0423965489037347,0.999542987863787,1,2,"regulation of chondrocyte differentiation","BP",199,849,693,131,240,115,144,644,123,148,88,234,55,2294,212.109273438504,1.10559830539745,0.196332462270368,5.63125574147256,1.78902212479101e-08,1.01090931438972e-05,"CvsT3"
"295","Acerv_evm.model.Segkk20_pilon.1","GO:0032330",0.0423965489037347,0.999542987863787,1,2,"regulation of chondrocyte differentiation","BP",199,849,693,131,240,115,144,644,123,148,88,234,55,2294,212.109273438504,1.12074157173849,0.195331601356425,5.73763571258216,9.60073416953046e-09,5.4250148516703e-06,"CvsT2"
"296","Acerv_evm.model.Segkk20_pilon.1","GO:0014857",0.0214085677121724,1,1,1,"regulation of skeletal muscle cell proliferation","BP",199,849,693,131,240,115,144,644,123,148,88,234,55,2294,212.109273438504,1.04894910309027,0.210874909040561,4.97427175126135,6.54933804490868e-07,0.000311645080336944,"CvsT4"
"297","Acerv_evm.model.Segkk20_pilon.1","GO:0014857",0.0214085677121724,1,1,1,"regulation of skeletal muscle cell proliferation","BP",199,849,693,131,240,115,144,644,123,148,88,234,55,2294,212.109273438504,0.96622144876892,0.219007379745837,4.41182141848482,1.02504644359172e-05,0.00319567065396991,"CvsT1"
"298","Acerv_evm.model.Segkk20_pilon.1","GO:0014857",0.0214085677121724,1,1,1,"regulation of skeletal muscle cell proliferation","BP",199,849,693,131,240,115,144,644,123,148,88,234,55,2294,212.109273438504,1.10559830539745,0.196332462270368,5.63125574147256,1.78902212479101e-08,1.01090931438972e-05,"CvsT3"
"299","Acerv_evm.model.Segkk20_pilon.1","GO:0014857",0.0214085677121724,1,1,1,"regulation of skeletal muscle cell proliferation","BP",199,849,693,131,240,115,144,644,123,148,88,234,55,2294,212.109273438504,1.12074157173849,0.195331601356425,5.73763571258216,9.60073416953046e-09,5.4250148516703e-06,"CvsT2"
"300","Acerv_evm.model.Segkk20_pilon.1","GO:0072137",0.0423033128859259,0.999545017734879,1,2,"condensed mesenchymal cell proliferation","BP",199,849,693,131,240,115,144,644,123,148,88,234,55,2294,212.109273438504,1.04894910309027,0.210874909040561,4.97427175126135,6.54933804490868e-07,0.000311645080336944,"CvsT4"
"301","Acerv_evm.model.Segkk20_pilon.1","GO:0072137",0.0423033128859259,0.999545017734879,1,2,"condensed mesenchymal cell proliferation","BP",199,849,693,131,240,115,144,644,123,148,88,234,55,2294,212.109273438504,0.96622144876892,0.219007379745837,4.41182141848482,1.02504644359172e-05,0.00319567065396991,"CvsT1"
"302","Acerv_evm.model.Segkk20_pilon.1","GO:0072137",0.0423033128859259,0.999545017734879,1,2,"condensed mesenchymal cell proliferation","BP",199,849,693,131,240,115,144,644,123,148,88,234,55,2294,212.109273438504,1.10559830539745,0.196332462270368,5.63125574147256,1.78902212479101e-08,1.01090931438972e-05,"CvsT3"
"303","Acerv_evm.model.Segkk20_pilon.1","GO:0072137",0.0423033128859259,0.999545017734879,1,2,"condensed mesenchymal cell proliferation","BP",199,849,693,131,240,115,144,644,123,148,88,234,55,2294,212.109273438504,1.12074157173849,0.195331601356425,5.73763571258216,9.60073416953046e-09,5.4250148516703e-06,"CvsT2"
"304","Acerv_evm.model.Segkk2008_pilon.3","GO:0051607",0.0103456307275163,0.999005857260926,3,19,"defense response to virus","BP",502,719,589,374,656,342,344,434,202,315,286,594,164,2037,397.078494758759,-0.708447660771751,0.183709969758459,-3.85633758311111,0.000115098510653138,0.0123744881924496,"CvsT2"
"305","Acerv_evm.model.Segkk2008_pilon.3","GO:0030422",0.0423616991804233,0.999543747128614,1,2,"production of siRNA involved in RNA interference","BP",502,719,589,374,656,342,344,434,202,315,286,594,164,2037,397.078494758759,-0.708447660771751,0.183709969758459,-3.85633758311111,0.000115098510653138,0.0123744881924496,"CvsT2"
"307","Acerv_evm.model.Segkk2008_pilon.3","GO:0048367",0.0420133917582978,0.999551300203947,1,2,"shoot system development","BP",502,719,589,374,656,342,344,434,202,315,286,594,164,2037,397.078494758759,-0.708447660771751,0.183709969758459,-3.85633758311111,0.000115098510653138,0.0123744881924496,"CvsT2"
"309","Acerv_evm.model.Segkk2116_pilon.21","GO:0009247",0.0454503371966976,0.999473946436188,1,2,"glycolipid biosynthetic process","BP",461,1010,702,213,372,323,250,978,280,348,132,473,202,924,381.150039064491,0.730761808023572,0.203867502124055,3.58449385218296,0.000337732519331341,0.0270215903298642,"CvsT2"
"311","Acerv_evm.model.Segkk2116_pilon.21","GO:0006664",0.0454503371966976,0.999473946436188,1,2,"glycolipid metabolic process","BP",461,1010,702,213,372,323,250,978,280,348,132,473,202,924,381.150039064491,0.730761808023572,0.203867502124055,3.58449385218296,0.000337732519331341,0.0270215903298642,"CvsT2"
"312","Acerv_evm.model.Segkk2117_pilon.21","GO:0001818",0.0452184006112893,0.992004936238108,3,34,"negative regulation of cytokine production","BP",45,30,17,32,61,27,40,28,26,18,24,44,16,351,32.3489220780501,-1.82067086185947,0.337522374593176,-5.3942227209499,6.88208114024082e-08,3.27478397836407e-05,"CvsT2"
"313","Acerv_evm.model.Segkk2117_pilon.21","GO:0001818",0.0452184006112893,0.992004936238108,3,34,"negative regulation of cytokine production","BP",45,30,17,32,61,27,40,28,26,18,24,44,16,351,32.3489220780501,-1.63348495366577,0.35720511710539,-4.57296067565524,4.80880418098546e-06,0.00144921328667632,"CvsT4"
"314","Acerv_evm.model.Segkk2117_pilon.21","GO:0001818",0.0452184006112893,0.992004936238108,3,34,"negative regulation of cytokine production","BP",45,30,17,32,61,27,40,28,26,18,24,44,16,351,32.3489220780501,-1.66119153291744,0.343435917915814,-4.83697670004524,1.31828874240965e-06,0.000496610355005236,"CvsT3"
"315","Acerv_evm.model.Segkk2117_pilon.21","GO:0048585",0.0292781079694456,0.995674372847706,3,29,"negative regulation of response to stimulus","BP",45,30,17,32,61,27,40,28,26,18,24,44,16,351,32.3489220780501,-1.82067086185947,0.337522374593176,-5.3942227209499,6.88208114024082e-08,3.27478397836407e-05,"CvsT2"
"316","Acerv_evm.model.Segkk2117_pilon.21","GO:0048585",0.0292781079694456,0.995674372847706,3,29,"negative regulation of response to stimulus","BP",45,30,17,32,61,27,40,28,26,18,24,44,16,351,32.3489220780501,-1.63348495366577,0.35720511710539,-4.57296067565524,4.80880418098546e-06,0.00144921328667632,"CvsT4"
"317","Acerv_evm.model.Segkk2117_pilon.21","GO:0048585",0.0292781079694456,0.995674372847706,3,29,"negative regulation of response to stimulus","BP",45,30,17,32,61,27,40,28,26,18,24,44,16,351,32.3489220780501,-1.66119153291744,0.343435917915814,-4.83697670004524,1.31828874240965e-06,0.000496610355005236,"CvsT3"
"320","Acerv_evm.model.Segkk2119_pilon.10","GO:0045444",0.0434945669513915,0.995870774888241,2,14,"fat cell differentiation","BP",68,156,149,29,54,22,34,159,38,35,13,49,25,414,50.5261656932498,1.17024544520593,0.282248922594587,4.14614672200832,3.38117208815051e-05,0.00470295028445673,"CvsT2"
"321","Acerv_evm.model.Segkk2119_pilon.10","GO:0045444",0.0434945669513915,0.995870774888241,2,14,"fat cell differentiation","BP",68,156,149,29,54,22,34,159,38,35,13,49,25,414,50.5261656932498,1.02651594087155,0.288714559422089,3.55546995248973,0.000377304065767473,0.0477262336426998,"CvsT4"
"322","Acerv_evm.model.Segkk2119_pilon.10","GO:0016055",0.041684849654316,0.996169134698508,2,13,"Wnt signaling pathway","BP",68,156,149,29,54,22,34,159,38,35,13,49,25,414,50.5261656932498,1.17024544520593,0.282248922594587,4.14614672200832,3.38117208815051e-05,0.00470295028445673,"CvsT2"
"323","Acerv_evm.model.Segkk2119_pilon.10","GO:0016055",0.041684849654316,0.996169134698508,2,13,"Wnt signaling pathway","BP",68,156,149,29,54,22,34,159,38,35,13,49,25,414,50.5261656932498,1.02651594087155,0.288714559422089,3.55546995248973,0.000377304065767473,0.0477262336426998,"CvsT4"
"326","Acerv_evm.model.Segkk2119_pilon.10","GO:0033339",0.0304589252215585,1,1,1,"pectoral fin development","BP",68,156,149,29,54,22,34,159,38,35,13,49,25,414,50.5261656932498,1.17024544520593,0.282248922594587,4.14614672200832,3.38117208815051e-05,0.00470295028445673,"CvsT2"
"327","Acerv_evm.model.Segkk2119_pilon.10","GO:0033339",0.0304589252215585,1,1,1,"pectoral fin development","BP",68,156,149,29,54,22,34,159,38,35,13,49,25,414,50.5261656932498,1.02651594087155,0.288714559422089,3.55546995248973,0.000377304065767473,0.0477262336426998,"CvsT4"
"328","Acerv_evm.model.Segkk2119_pilon.10","GO:1903445",0.0304589252215585,1,1,1,"protein transport from ciliary membrane to plasma membrane","BP",68,156,149,29,54,22,34,159,38,35,13,49,25,414,50.5261656932498,1.17024544520593,0.282248922594587,4.14614672200832,3.38117208815051e-05,0.00470295028445673,"CvsT2"
"329","Acerv_evm.model.Segkk2119_pilon.10","GO:1903445",0.0304589252215585,1,1,1,"protein transport from ciliary membrane to plasma membrane","BP",68,156,149,29,54,22,34,159,38,35,13,49,25,414,50.5261656932498,1.02651594087155,0.288714559422089,3.55546995248973,0.000377304065767473,0.0477262336426998,"CvsT4"
"330","Acerv_evm.model.Segkk2166_pilon.1","GO:0032240",0.0320494522211041,1,1,1,"negative regulation of nucleobase-containing compound transport","BP",105,148,188,85,180,103,85,111,61,128,54,145,55,323,106.669732563524,-1.1361957067642,0.264768491660044,-4.29127990132243,1.77646225401251e-05,0.00490794356619033,"CvsT1"
"331","Acerv_evm.model.Segkk223_pilon.4","GO:0032456",0.0132298136595217,0.999398849854241,2,8,"endocytic recycling","BP",84,22,77,76,119,54,105,38,68,86,45,100,33,2742,74.9843103016989,-1.81313043950222,0.47322555877957,-3.83142965519067,0.000127400801489256,0.0199912588510795,"CvsT4"
"332","Acerv_evm.model.Segkk223_pilon.4","GO:0032456",0.0132298136595217,0.999398849854241,2,8,"endocytic recycling","BP",84,22,77,76,119,54,105,38,68,86,45,100,33,2742,74.9843103016989,-2.14302879285286,0.429306296130823,-4.99184105187178,5.98064642174945e-07,0.000200263052959396,"CvsT2"
"333","Acerv_evm.model.Segkk223_pilon.4","GO:0032456",0.0132298136595217,0.999398849854241,2,8,"endocytic recycling","BP",84,22,77,76,119,54,105,38,68,86,45,100,33,2742,74.9843103016989,-2.10691848578796,0.478739459573537,-4.40097101597769,1.07767520767506e-05,0.00324775385086339,"CvsT1"
"334","Acerv_evm.model.Segkk223_pilon.4","GO:0032456",0.0132298136595217,0.999398849854241,2,8,"endocytic recycling","BP",84,22,77,76,119,54,105,38,68,86,45,100,33,2742,74.9843103016989,-1.90711784806022,0.432548481707457,-4.40902679979826,1.03836176524026e-05,0.00312927623984574,"CvsT3"
"339","Acerv_evm.model.Segkk223_pilon.4","GO:1903772",0.0213645393341835,1,1,1,"regulation of viral budding via host ESCRT complex","BP",84,22,77,76,119,54,105,38,68,86,45,100,33,2742,74.9843103016989,-1.81313043950222,0.47322555877957,-3.83142965519067,0.000127400801489256,0.0199912588510795,"CvsT4"
"340","Acerv_evm.model.Segkk223_pilon.4","GO:1903772",0.0213645393341835,1,1,1,"regulation of viral budding via host ESCRT complex","BP",84,22,77,76,119,54,105,38,68,86,45,100,33,2742,74.9843103016989,-2.14302879285286,0.429306296130823,-4.99184105187178,5.98064642174945e-07,0.000200263052959396,"CvsT2"
"341","Acerv_evm.model.Segkk223_pilon.4","GO:1903772",0.0213645393341835,1,1,1,"regulation of viral budding via host ESCRT complex","BP",84,22,77,76,119,54,105,38,68,86,45,100,33,2742,74.9843103016989,-2.10691848578796,0.478739459573537,-4.40097101597769,1.07767520767506e-05,0.00324775385086339,"CvsT1"
"342","Acerv_evm.model.Segkk223_pilon.4","GO:1903772",0.0213645393341835,1,1,1,"regulation of viral budding via host ESCRT complex","BP",84,22,77,76,119,54,105,38,68,86,45,100,33,2742,74.9843103016989,-1.90711784806022,0.432548481707457,-4.40902679979826,1.03836176524026e-05,0.00312927623984574,"CvsT3"
"347","Acerv_evm.model.Segkk223_pilon.4","GO:0071985",0.0213645393341835,1,1,1,"multivesicular body sorting pathway","BP",84,22,77,76,119,54,105,38,68,86,45,100,33,2742,74.9843103016989,-1.81313043950222,0.47322555877957,-3.83142965519067,0.000127400801489256,0.0199912588510795,"CvsT4"
"348","Acerv_evm.model.Segkk223_pilon.4","GO:0071985",0.0213645393341835,1,1,1,"multivesicular body sorting pathway","BP",84,22,77,76,119,54,105,38,68,86,45,100,33,2742,74.9843103016989,-2.14302879285286,0.429306296130823,-4.99184105187178,5.98064642174945e-07,0.000200263052959396,"CvsT2"
"349","Acerv_evm.model.Segkk223_pilon.4","GO:0071985",0.0213645393341835,1,1,1,"multivesicular body sorting pathway","BP",84,22,77,76,119,54,105,38,68,86,45,100,33,2742,74.9843103016989,-2.10691848578796,0.478739459573537,-4.40097101597769,1.07767520767506e-05,0.00324775385086339,"CvsT1"
"350","Acerv_evm.model.Segkk223_pilon.4","GO:0071985",0.0213645393341835,1,1,1,"multivesicular body sorting pathway","BP",84,22,77,76,119,54,105,38,68,86,45,100,33,2742,74.9843103016989,-1.90711784806022,0.432548481707457,-4.40902679979826,1.03836176524026e-05,0.00312927623984574,"CvsT3"
"355","Acerv_evm.model.Segkk223_pilon.4","GO:0043328",0.0435095970312307,0.999518398545685,1,2,"protein transport to vacuole involved in ubiquitin-dependent protein catabolic process via the multivesicular body sorting pathway","BP",84,22,77,76,119,54,105,38,68,86,45,100,33,2742,74.9843103016989,-1.81313043950222,0.47322555877957,-3.83142965519067,0.000127400801489256,0.0199912588510795,"CvsT4"
"356","Acerv_evm.model.Segkk223_pilon.4","GO:0043328",0.0435095970312307,0.999518398545685,1,2,"protein transport to vacuole involved in ubiquitin-dependent protein catabolic process via the multivesicular body sorting pathway","BP",84,22,77,76,119,54,105,38,68,86,45,100,33,2742,74.9843103016989,-2.14302879285286,0.429306296130823,-4.99184105187178,5.98064642174945e-07,0.000200263052959396,"CvsT2"
"357","Acerv_evm.model.Segkk223_pilon.4","GO:0043328",0.0435095970312307,0.999518398545685,1,2,"protein transport to vacuole involved in ubiquitin-dependent protein catabolic process via the multivesicular body sorting pathway","BP",84,22,77,76,119,54,105,38,68,86,45,100,33,2742,74.9843103016989,-2.10691848578796,0.478739459573537,-4.40097101597769,1.07767520767506e-05,0.00324775385086339,"CvsT1"
"358","Acerv_evm.model.Segkk223_pilon.4","GO:0043328",0.0435095970312307,0.999518398545685,1,2,"protein transport to vacuole involved in ubiquitin-dependent protein catabolic process via the multivesicular body sorting pathway","BP",84,22,77,76,119,54,105,38,68,86,45,100,33,2742,74.9843103016989,-1.90711784806022,0.432548481707457,-4.40902679979826,1.03836176524026e-05,0.00312927623984574,"CvsT3"
