"","gene_id","category","over_represented_pvalue","under_represented_pvalue","numDEInCat","numInCat","term","ontology","length","X20_T12_Mc_PWC","X21_T33_Mc_EOU","X22_ctl2_Mc_TWF_1","X28_ctl1_Mc_GBM_1","X29_T23_Mc_PND","X33_T43_Mc_RFV","X34_T22_Mc_SVS","X39_T13_Mc_FJE","X42_ctl3_Mc_MGR_1","X46_T41_Mc_QYH_1","X49_T31_Mc_SWQ","X55_T32_Mc_TWP","X56_T42_Mc_JAW","X58_T21_Mc_EAH","X61_T11_Mc_RAP","baseMean","log2FoldChange","lfcSE","stat","pvalue","padj","Treatment_Compare"
"5","Mcavernosa01252","GO:0046208",0.00422559493115674,1,1,1,"spermine catabolic process","BP",2403,90,28,23,63,81,21,80,103,32,14,19,20,57,182,46,60.0532481930039,-2.07815205376545,0.517408288717683,-4.01646455822313,5.90777438640372e-05,0.0396629316173504,"CvsT1"
"6","Mcavernosa01252","GO:0046208",0.00422559493115674,1,1,1,"spermine catabolic process","BP",2403,90,28,23,63,81,21,80,103,32,14,19,20,57,182,46,60.0532481930039,-2.69199768260755,0.515444491839361,-5.22267232500859,1.76359305833258e-07,0.000245061053194524,"CvsT2"
"9","Mcavernosa01252","GO:0046203",0.00422559493115674,1,1,1,"spermidine catabolic process","BP",2403,90,28,23,63,81,21,80,103,32,14,19,20,57,182,46,60.0532481930039,-2.07815205376545,0.517408288717683,-4.01646455822313,5.90777438640372e-05,0.0396629316173504,"CvsT1"
"10","Mcavernosa01252","GO:0046203",0.00422559493115674,1,1,1,"spermidine catabolic process","BP",2403,90,28,23,63,81,21,80,103,32,14,19,20,57,182,46,60.0532481930039,-2.69199768260755,0.515444491839361,-5.22267232500859,1.76359305833258e-07,0.000245061053194524,"CvsT2"
"21","Mcavernosa01252","GO:1903602",0.00422559493115674,1,1,1,"thermospermine catabolic process","BP",2403,90,28,23,63,81,21,80,103,32,14,19,20,57,182,46,60.0532481930039,-2.07815205376545,0.517408288717683,-4.01646455822313,5.90777438640372e-05,0.0396629316173504,"CvsT1"
"22","Mcavernosa01252","GO:1903602",0.00422559493115674,1,1,1,"thermospermine catabolic process","BP",2403,90,28,23,63,81,21,80,103,32,14,19,20,57,182,46,60.0532481930039,-2.69199768260755,0.515444491839361,-5.22267232500859,1.76359305833258e-07,0.000245061053194524,"CvsT2"
"25","Mcavernosa01732","GO:0006544",0.0188518041524188,0.999867865739705,1,4,"glycine metabolic process","BP",4318,152,136,55,107,131,89,99,119,104,61,86,60,146,195,122,117.065837293015,-1.79467512055639,0.434206366913683,-4.13323077990045,3.57699234252456e-05,0.0154254711157283,"CvsT2"
"26","Mcavernosa02339","GO:1990090",0.00636895694398089,0.999773574798868,2,25,"cellular response to nerve growth factor stimulus","BP",1231,159,84,190,578,44,148,65,81,358,85,89,148,94,132,105,129.019574017764,1.07151713337485,0.262199641296615,4.08664606891161,4.37653985972969e-05,0.0182443358285932,"CvsT2"
"27","Mcavernosa02339","GO:0001770",0.00510659111748354,1,1,1,"establishment of natural killer cell polarity","BP",1231,159,84,190,578,44,148,65,81,358,85,89,148,94,132,105,129.019574017764,1.07151713337485,0.262199641296615,4.08664606891161,4.37653985972969e-05,0.0182443358285932,"CvsT2"
"29","Mcavernosa02339","GO:1904313",0.00877061110338495,0.999981001058874,1,2,"response to methamphetamine hydrochloride","BP",1231,159,84,190,578,44,148,65,81,358,85,89,148,94,132,105,129.019574017764,1.07151713337485,0.262199641296615,4.08664606891161,4.37653985972969e-05,0.0182443358285932,"CvsT2"
"31","Mcavernosa02339","GO:1903609",0.00915109055167422,0.999979312884458,1,2,"negative regulation of inward rectifier potassium channel activity","BP",1231,159,84,190,578,44,148,65,81,358,85,89,148,94,132,105,129.019574017764,1.07151713337485,0.262199641296615,4.08664606891161,4.37653985972969e-05,0.0182443358285932,"CvsT2"
"33","Mcavernosa02339","GO:1904719",0.00510659111748354,1,1,1,"positive regulation of AMPA glutamate receptor clustering","BP",1231,159,84,190,578,44,148,65,81,358,85,89,148,94,132,105,129.019574017764,1.07151713337485,0.262199641296615,4.08664606891161,4.37653985972969e-05,0.0182443358285932,"CvsT2"
"34","Mcavernosa02339","GO:0099638",0.010266755158384,0.999973946342654,1,2,"endosome to plasma membrane protein transport","BP",1231,159,84,190,578,44,148,65,81,358,85,89,148,94,132,105,129.019574017764,1.07151713337485,0.262199641296615,4.08664606891161,4.37653985972969e-05,0.0182443358285932,"CvsT2"
"37","Mcavernosa02620","GO:0018991",0.0290988138638099,0.999648946288809,1,6,"oviposition","BP",1458,29,24,5,25,44,25,18,22,3,25,10,24,20,22,18,23.0144418151112,-2.78278202251954,0.610643264838072,-4.55713209783369,5.18568125824459e-06,0.00381483116562393,"CvsT2"
"42","Mcavernosa02968","GO:0035999",0.024185742070638,0.999767579959082,1,5,"tetrahydrofolate interconversion","BP",1792,38,69,45,111,197,81,69,76,59,18,109,32,82,228,90,92.2075788241777,-2.38583104868871,0.624115958228142,-3.82273681234183,0.000131978625964294,0.0402566999099869,"CvsT2"
"44","Mcavernosa03157","GO:0070257",7.14626546270518e-05,0.999999886059829,2,3,"positive regulation of mucus secretion","BP",1357,274,139,152,300,731,246,155,401,120,120,145,206,160,231,294,267.071903947794,-2.30668169799512,0.549281470708991,-4.1994529599146,2.67560606103e-05,0.0133844517596965,"CvsT2"
"45","Mcavernosa03157","GO:0002281",0.0222489106658009,0.999803471935877,1,5,"macrophage activation involved in immune response","BP",1357,274,139,152,300,731,246,155,401,120,120,145,206,160,231,294,267.071903947794,-2.30668169799512,0.549281470708991,-4.1994529599146,2.67560606103e-05,0.0133844517596965,"CvsT2"
"46","Mcavernosa03157","GO:0038096",0.0141844807266093,0.999933611880049,1,3,"Fc-gamma receptor signaling pathway involved in phagocytosis","BP",1357,274,139,152,300,731,246,155,401,120,120,145,206,160,231,294,267.071903947794,-2.30668169799512,0.549281470708991,-4.1994529599146,2.67560606103e-05,0.0133844517596965,"CvsT2"
"48","Mcavernosa03157","GO:0090303",0.0384404991151804,0.999354653408554,1,8,"positive regulation of wound healing","BP",1357,274,139,152,300,731,246,155,401,120,120,145,206,160,231,294,267.071903947794,-2.30668169799512,0.549281470708991,-4.1994529599146,2.67560606103e-05,0.0133844517596965,"CvsT2"
"49","Mcavernosa03157","GO:0035669",0.00911092352785795,0.999979494511935,1,2,"TRAM-dependent toll-like receptor 4 signaling pathway","BP",1357,274,139,152,300,731,246,155,401,120,120,145,206,160,231,294,267.071903947794,-2.30668169799512,0.549281470708991,-4.1994529599146,2.67560606103e-05,0.0133844517596965,"CvsT2"
"51","Mcavernosa03157","GO:2000650",0.0128567755420075,0.999945491459869,1,3,"negative regulation of sodium ion transmembrane transporter activity","BP",1357,274,139,152,300,731,246,155,401,120,120,145,206,160,231,294,267.071903947794,-2.30668169799512,0.549281470708991,-4.1994529599146,2.67560606103e-05,0.0133844517596965,"CvsT2"
"52","Mcavernosa03157","GO:0040024",0.0213529015303508,0.999819049331187,1,5,"dauer larval development","BP",1357,274,139,152,300,731,246,155,401,120,120,145,206,160,231,294,267.071903947794,-2.30668169799512,0.549281470708991,-4.1994529599146,2.67560606103e-05,0.0133844517596965,"CvsT2"
"53","Mcavernosa03157","GO:0051562",0.0127068260865469,0.999946759159229,1,3,"negative regulation of mitochondrial calcium ion concentration","BP",1357,274,139,152,300,731,246,155,401,120,120,145,206,160,231,294,267.071903947794,-2.30668169799512,0.549281470708991,-4.1994529599146,2.67560606103e-05,0.0133844517596965,"CvsT2"
"54","Mcavernosa03157","GO:0010634",0.00559661385999873,0.999813864892331,2,25,"positive regulation of epithelial cell migration","BP",1357,274,139,152,300,731,246,155,401,120,120,145,206,160,231,294,267.071903947794,-2.30668169799512,0.549281470708991,-4.1994529599146,2.67560606103e-05,0.0133844517596965,"CvsT2"
"55","Mcavernosa03157","GO:0031663",0.0230254427138125,0.999789446540108,1,5,"lipopolysaccharide-mediated signaling pathway","BP",1357,274,139,152,300,731,246,155,401,120,120,145,206,160,231,294,267.071903947794,-2.30668169799512,0.549281470708991,-4.1994529599146,2.67560606103e-05,0.0133844517596965,"CvsT2"
"56","Mcavernosa03157","GO:0050927",0.0164115491476105,0.999899964482894,1,4,"positive regulation of positive chemotaxis","BP",1357,274,139,152,300,731,246,155,401,120,120,145,206,160,231,294,267.071903947794,-2.30668169799512,0.549281470708991,-4.1994529599146,2.67560606103e-05,0.0133844517596965,"CvsT2"
"58","Mcavernosa03157","GO:0050730",0.0229687594926099,0.999790486838068,1,5,"regulation of peptidyl-tyrosine phosphorylation","BP",1357,274,139,152,300,731,246,155,401,120,120,145,206,160,231,294,267.071903947794,-2.30668169799512,0.549281470708991,-4.1994529599146,2.67560606103e-05,0.0133844517596965,"CvsT2"
"59","Mcavernosa03157","GO:0071380",0.032553671043143,0.999547573719981,1,7,"cellular response to prostaglandin E stimulus","BP",1357,274,139,152,300,731,246,155,401,120,120,145,206,160,231,294,267.071903947794,-2.30668169799512,0.549281470708991,-4.1994529599146,2.67560606103e-05,0.0133844517596965,"CvsT2"
"60","Mcavernosa03157","GO:0007635",0.0232693112959128,0.999784941191091,1,5,"chemosensory behavior","BP",1357,274,139,152,300,731,246,155,401,120,120,145,206,160,231,294,267.071903947794,-2.30668169799512,0.549281470708991,-4.1994529599146,2.67560606103e-05,0.0133844517596965,"CvsT2"
"61","Mcavernosa03157","GO:0032230",0.0477559813553117,0.998972184669413,1,10,"positive regulation of synaptic transmission, GABAergic","BP",1357,274,139,152,300,731,246,155,401,120,120,145,206,160,231,294,267.071903947794,-2.30668169799512,0.549281470708991,-4.1994529599146,2.67560606103e-05,0.0133844517596965,"CvsT2"
"64","Mcavernosa03157","GO:0050893",0.0345786071368907,0.999478596287484,1,8,"sensory processing","BP",1357,274,139,152,300,731,246,155,401,120,120,145,206,160,231,294,267.071903947794,-2.30668169799512,0.549281470708991,-4.1994529599146,2.67560606103e-05,0.0133844517596965,"CvsT2"
"65","Mcavernosa03157","GO:0010917",0.0260928685694574,0.999718070521439,1,6,"negative regulation of mitochondrial membrane potential","BP",1357,274,139,152,300,731,246,155,401,120,120,145,206,160,231,294,267.071903947794,-2.30668169799512,0.549281470708991,-4.1994529599146,2.67560606103e-05,0.0133844517596965,"CvsT2"
"66","Mcavernosa03157","GO:0051280",0.0127068260865469,0.999946759159229,1,3,"negative regulation of release of sequestered calcium ion into cytosol","BP",1357,274,139,152,300,731,246,155,401,120,120,145,206,160,231,294,267.071903947794,-2.30668169799512,0.549281470708991,-4.1994529599146,2.67560606103e-05,0.0133844517596965,"CvsT2"
"67","Mcavernosa03157","GO:0050975",0.0292850128345418,0.999634340396026,1,7,"sensory perception of touch","BP",1357,274,139,152,300,731,246,155,401,120,120,145,206,160,231,294,267.071903947794,-2.30668169799512,0.549281470708991,-4.1994529599146,2.67560606103e-05,0.0133844517596965,"CvsT2"
"68","Mcavernosa03157","GO:0007606",0.0162898858131305,0.999901447304855,1,4,"sensory perception of chemical stimulus","BP",1357,274,139,152,300,731,246,155,401,120,120,145,206,160,231,294,267.071903947794,-2.30668169799512,0.549281470708991,-4.1994529599146,2.67560606103e-05,0.0133844517596965,"CvsT2"
"69","Mcavernosa03157","GO:1990504",0.0127068260865469,0.999946759159229,1,3,"dense core granule exocytosis","BP",1357,274,139,152,300,731,246,155,401,120,120,145,206,160,231,294,267.071903947794,-2.30668169799512,0.549281470708991,-4.1994529599146,2.67560606103e-05,0.0133844517596965,"CvsT2"
"70","Mcavernosa03157","GO:0048009",0.0218011352498467,0.999811337762184,1,5,"insulin-like growth factor receptor signaling pathway","BP",1357,274,139,152,300,731,246,155,401,120,120,145,206,160,231,294,267.071903947794,-2.30668169799512,0.549281470708991,-4.1994529599146,2.67560606103e-05,0.0133844517596965,"CvsT2"
"71","Mcavernosa03157","GO:0050996",0.00911092352785795,0.999979494511935,1,2,"positive regulation of lipid catabolic process","BP",1357,274,139,152,300,731,246,155,401,120,120,145,206,160,231,294,267.071903947794,-2.30668169799512,0.549281470708991,-4.1994529599146,2.67560606103e-05,0.0133844517596965,"CvsT2"
"72","Mcavernosa03157","GO:2001024",0.0127068260865469,0.999946759159229,1,3,"negative regulation of response to drug","BP",1357,274,139,152,300,731,246,155,401,120,120,145,206,160,231,294,267.071903947794,-2.30668169799512,0.549281470708991,-4.1994529599146,2.67560606103e-05,0.0133844517596965,"CvsT2"
"74","Mcavernosa03157","GO:1902074",0.0282313217057335,0.999669681075468,1,6,"response to salt","BP",1357,274,139,152,300,731,246,155,401,120,120,145,206,160,231,294,267.071903947794,-2.30668169799512,0.549281470708991,-4.1994529599146,2.67560606103e-05,0.0133844517596965,"CvsT2"
"75","Mcavernosa03157","GO:0010811",0.0350305976439402,0.99947559174446,1,7,"positive regulation of cell-substrate adhesion","BP",1357,274,139,152,300,731,246,155,401,120,120,145,206,160,231,294,267.071903947794,-2.30668169799512,0.549281470708991,-4.1994529599146,2.67560606103e-05,0.0133844517596965,"CvsT2"
"76","Mcavernosa03157","GO:2001031",0.00911092352785795,0.999979494511935,1,2,"positive regulation of cellular glucuronidation","BP",1357,274,139,152,300,731,246,155,401,120,120,145,206,160,231,294,267.071903947794,-2.30668169799512,0.549281470708991,-4.1994529599146,2.67560606103e-05,0.0133844517596965,"CvsT2"
"77","Mcavernosa03157","GO:0036120",0.043272832404156,0.99916781834285,1,9,"cellular response to platelet-derived growth factor stimulus","BP",1357,274,139,152,300,731,246,155,401,120,120,145,206,160,231,294,267.071903947794,-2.30668169799512,0.549281470708991,-4.1994529599146,2.67560606103e-05,0.0133844517596965,"CvsT2"
"78","Mcavernosa03628","GO:0043547",0.0136267357849581,0.999265012352991,2,38,"positive regulation of GTPase activity","BP",1737,34,28,8,24,13,18,15,115,9,29,16,19,17,176,64,40.7448605394761,-3.56392720735876,0.791478035178548,-4.50287569452864,6.70400991131742e-06,0.00676931171089288,"CvsT1"
"79","Mcavernosa03628","GO:0043547",0.0136267357849581,0.999265012352991,2,38,"positive regulation of GTPase activity","BP",1737,34,28,8,24,13,18,15,115,9,29,16,19,17,176,64,40.7448605394761,-3.23193833416467,0.794220580297352,-4.06932080877915,4.71503870441799e-05,0.0190213787217585,"CvsT2"
"80","Mcavernosa03628","GO:0002315",0.0135696569826712,0.999939259357914,1,3,"marginal zone B cell differentiation","BP",1737,34,28,8,24,13,18,15,115,9,29,16,19,17,176,64,40.7448605394761,-3.56392720735876,0.791478035178548,-4.50287569452864,6.70400991131742e-06,0.00676931171089288,"CvsT1"
"81","Mcavernosa03628","GO:0002315",0.0135696569826712,0.999939259357914,1,3,"marginal zone B cell differentiation","BP",1737,34,28,8,24,13,18,15,115,9,29,16,19,17,176,64,40.7448605394761,-3.23193833416467,0.794220580297352,-4.06932080877915,4.71503870441799e-05,0.0190213787217585,"CvsT2"
"84","Mcavernosa03628","GO:0001782",0.0260482257794153,0.99971903946317,1,6,"B cell homeostasis","BP",1737,34,28,8,24,13,18,15,115,9,29,16,19,17,176,64,40.7448605394761,-3.56392720735876,0.791478035178548,-4.50287569452864,6.70400991131742e-06,0.00676931171089288,"CvsT1"
"85","Mcavernosa03628","GO:0001782",0.0260482257794153,0.99971903946317,1,6,"B cell homeostasis","BP",1737,34,28,8,24,13,18,15,115,9,29,16,19,17,176,64,40.7448605394761,-3.23193833416467,0.794220580297352,-4.06932080877915,4.71503870441799e-05,0.0190213787217585,"CvsT2"
"86","Mcavernosa08717","GO:0006513",0.0474967675517345,0.998973298454541,1,11,"protein monoubiquitination","BP",1808,109,63,46,77,54,84,55,65,50,22,64,78,63,109,67,67.921375309079,-1.41125296576557,0.312234498135292,-4.51984958162461,6.18835838815787e-06,0.00676931171089288,"CvsT1"
"87","Mcavernosa08717","GO:0006513",0.0474967675517345,0.998973298454541,1,11,"protein monoubiquitination","BP",1808,109,63,46,77,54,84,55,65,50,22,64,78,63,109,67,67.921375309079,-1.32386166753244,0.314379182332167,-4.21103476926049,2.54203614104399e-05,0.0162131065075786,"CvsT3"
"88","Mcavernosa08717","GO:0006513",0.0474967675517345,0.998973298454541,1,11,"protein monoubiquitination","BP",1808,109,63,46,77,54,84,55,65,50,22,64,78,63,109,67,67.921375309079,-1.43965390950083,0.314293683985942,-4.58060082927161,4.63642020612397e-06,0.00362394194361165,"CvsT2"
"89","Mcavernosa08717","GO:0014032",0.0011445692947202,0.999984772299196,2,10,"neural crest cell development","BP",1808,109,63,46,77,54,84,55,65,50,22,64,78,63,109,67,67.921375309079,-1.41125296576557,0.312234498135292,-4.51984958162461,6.18835838815787e-06,0.00676931171089288,"CvsT1"
"90","Mcavernosa08717","GO:0014032",0.0011445692947202,0.999984772299196,2,10,"neural crest cell development","BP",1808,109,63,46,77,54,84,55,65,50,22,64,78,63,109,67,67.921375309079,-1.32386166753244,0.314379182332167,-4.21103476926049,2.54203614104399e-05,0.0162131065075786,"CvsT3"
"91","Mcavernosa08717","GO:0014032",0.0011445692947202,0.999984772299196,2,10,"neural crest cell development","BP",1808,109,63,46,77,54,84,55,65,50,22,64,78,63,109,67,67.921375309079,-1.43965390950083,0.314293683985942,-4.58060082927161,4.63642020612397e-06,0.00362394194361165,"CvsT2"
"93","Mcavernosa09510","GO:0048592",0.000512721640645256,0.999995840349784,2,7,"eye morphogenesis","BP",1733,81,47,41,97,41,65,44,62,81,35,84,89,61,66,55,62.576188560493,-1.08736157483386,0.278917169846064,-3.89851071353541,9.67861193461543e-05,0.047484759168444,"CvsT3"
"94","Mcavernosa09510","GO:0009411",0.0495696205512648,0.998891860423867,1,10,"response to UV","BP",1733,81,47,41,97,41,65,44,62,81,35,84,89,61,66,55,62.576188560493,-1.08736157483386,0.278917169846064,-3.89851071353541,9.67861193461543e-05,0.047484759168444,"CvsT3"
"95","Mcavernosa11724","GO:0032218",0.019211729034885,0.999862750865827,1,4,"riboflavin transport","BP",407,574,372,476,808,338,496,300,321,458,461,378,494,372,504,360,437.765551457044,-0.688347847746797,0.172144527798967,-3.99866238298705,6.3701470249707e-05,0.0466918437674634,"CvsT4"
"97","Mcavernosa12043","GO:0010976",0.0322605276408956,0.99721396012099,2,58,"positive regulation of neuron projection development","BP",1395,1191,530,305,624,513,762,622,804,327,264,432,909,810,845,540,656.156600845764,-1.84577800758567,0.359438643961956,-5.13516851510555,2.81891324985782e-07,0.000320484810024745,"CvsT2"
"98","Mcavernosa12043","GO:0010976",0.0322605276408956,0.99721396012099,2,58,"positive regulation of neuron projection development","BP",1395,1191,530,305,624,513,762,622,804,327,264,432,909,810,845,540,656.156600845764,-1.98069176638644,0.359095715658694,-5.51577665791203,3.47243015546326e-08,6.32775986615563e-05,"CvsT1"
"99","Mcavernosa12043","GO:0010976",0.0322605276408956,0.99721396012099,2,58,"positive regulation of neuron projection development","BP",1395,1191,530,305,624,513,762,622,804,327,264,432,909,810,845,540,656.156600845764,-1.6214534010619,0.359545851508451,-4.50972635133794,6.49113024983453e-06,0.00834979361079804,"CvsT4"
"100","Mcavernosa12043","GO:0010976",0.0322605276408956,0.99721396012099,2,58,"positive regulation of neuron projection development","BP",1395,1191,530,305,624,513,762,622,804,327,264,432,909,810,845,540,656.156600845764,-1.65071820238897,0.359523489835604,-4.59140570521213,4.40270549971698e-06,0.0040114936681707,"CvsT3"
"101","Mcavernosa12043","GO:0097065",0.0319838847505113,0.999563371287176,1,7,"anterior head development","BP",1395,1191,530,305,624,513,762,622,804,327,264,432,909,810,845,540,656.156600845764,-1.84577800758567,0.359438643961956,-5.13516851510555,2.81891324985782e-07,0.000320484810024745,"CvsT2"
"102","Mcavernosa12043","GO:0097065",0.0319838847505113,0.999563371287176,1,7,"anterior head development","BP",1395,1191,530,305,624,513,762,622,804,327,264,432,909,810,845,540,656.156600845764,-1.98069176638644,0.359095715658694,-5.51577665791203,3.47243015546326e-08,6.32775986615563e-05,"CvsT1"
"103","Mcavernosa12043","GO:0097065",0.0319838847505113,0.999563371287176,1,7,"anterior head development","BP",1395,1191,530,305,624,513,762,622,804,327,264,432,909,810,845,540,656.156600845764,-1.6214534010619,0.359545851508451,-4.50972635133794,6.49113024983453e-06,0.00834979361079804,"CvsT4"
"104","Mcavernosa12043","GO:0097065",0.0319838847505113,0.999563371287176,1,7,"anterior head development","BP",1395,1191,530,305,624,513,762,622,804,327,264,432,909,810,845,540,656.156600845764,-1.65071820238897,0.359523489835604,-4.59140570521213,4.40270549971698e-06,0.0040114936681707,"CvsT3"
"105","Mcavernosa13005","GO:0021680",0.0267047212661226,0.999704620779068,1,6,"cerebellar Purkinje cell layer development","BP",597,70,23,117,209,52,40,45,42,130,16,30,39,36,51,50,53.9311192005941,1.25873796564157,0.291603627752727,4.31660598786841,1.58446618348196e-05,0.0152425646850965,"CvsT4"
"106","Mcavernosa13005","GO:0021680",0.0267047212661226,0.999704620779068,1,6,"cerebellar Purkinje cell layer development","BP",597,70,23,117,209,52,40,45,42,130,16,30,39,36,51,50,53.9311192005941,1.24001173319722,0.291394177728997,4.25544443908026,2.08634170593456e-05,0.0140070393688954,"CvsT3"
"107","Mcavernosa13005","GO:0039689",0.00565458694960487,1,1,1,"negative stranded viral RNA replication","BP",597,70,23,117,209,52,40,45,42,130,16,30,39,36,51,50,53.9311192005941,1.25873796564157,0.291603627752727,4.31660598786841,1.58446618348196e-05,0.0152425646850965,"CvsT4"
"108","Mcavernosa13005","GO:0039689",0.00565458694960487,1,1,1,"negative stranded viral RNA replication","BP",597,70,23,117,209,52,40,45,42,130,16,30,39,36,51,50,53.9311192005941,1.24001173319722,0.291394177728997,4.25544443908026,2.08634170593456e-05,0.0140070393688954,"CvsT3"
"109","Mcavernosa13005","GO:0071455",0.0186656813215698,0.999870472317072,1,4,"cellular response to hyperoxia","BP",597,70,23,117,209,52,40,45,42,130,16,30,39,36,51,50,53.9311192005941,1.25873796564157,0.291603627752727,4.31660598786841,1.58446618348196e-05,0.0152425646850965,"CvsT4"
"110","Mcavernosa13005","GO:0071455",0.0186656813215698,0.999870472317072,1,4,"cellular response to hyperoxia","BP",597,70,23,117,209,52,40,45,42,130,16,30,39,36,51,50,53.9311192005941,1.24001173319722,0.291394177728997,4.25544443908026,2.08634170593456e-05,0.0140070393688954,"CvsT3"
"111","Mcavernosa13005","GO:0060284",0.0436908884898867,0.999151523710162,1,9,"regulation of cell development","BP",597,70,23,117,209,52,40,45,42,130,16,30,39,36,51,50,53.9311192005941,1.25873796564157,0.291603627752727,4.31660598786841,1.58446618348196e-05,0.0152425646850965,"CvsT4"
"112","Mcavernosa13005","GO:0060284",0.0436908884898867,0.999151523710162,1,9,"regulation of cell development","BP",597,70,23,117,209,52,40,45,42,130,16,30,39,36,51,50,53.9311192005941,1.24001173319722,0.291394177728997,4.25544443908026,2.08634170593456e-05,0.0140070393688954,"CvsT3"
"113","Mcavernosa13005","GO:0070257",7.14626546270518e-05,0.999999886059829,2,3,"positive regulation of mucus secretion","BP",597,70,23,117,209,52,40,45,42,130,16,30,39,36,51,50,53.9311192005941,1.25873796564157,0.291603627752727,4.31660598786841,1.58446618348196e-05,0.0152425646850965,"CvsT4"
"114","Mcavernosa13005","GO:0070257",7.14626546270518e-05,0.999999886059829,2,3,"positive regulation of mucus secretion","BP",597,70,23,117,209,52,40,45,42,130,16,30,39,36,51,50,53.9311192005941,1.24001173319722,0.291394177728997,4.25544443908026,2.08634170593456e-05,0.0140070393688954,"CvsT3"
"115","Mcavernosa13005","GO:0050877",0.0276945134827111,0.997800456515268,2,54,"nervous system process","BP",597,70,23,117,209,52,40,45,42,130,16,30,39,36,51,50,53.9311192005941,1.25873796564157,0.291603627752727,4.31660598786841,1.58446618348196e-05,0.0152425646850965,"CvsT4"
"116","Mcavernosa13005","GO:0050877",0.0276945134827111,0.997800456515268,2,54,"nervous system process","BP",597,70,23,117,209,52,40,45,42,130,16,30,39,36,51,50,53.9311192005941,1.24001173319722,0.291394177728997,4.25544443908026,2.08634170593456e-05,0.0140070393688954,"CvsT3"
"117","Mcavernosa13005","GO:0071315",0.00965016805643528,0.999976989030081,1,2,"cellular response to morphine","BP",597,70,23,117,209,52,40,45,42,130,16,30,39,36,51,50,53.9311192005941,1.25873796564157,0.291603627752727,4.31660598786841,1.58446618348196e-05,0.0152425646850965,"CvsT4"
"118","Mcavernosa13005","GO:0071315",0.00965016805643528,0.999976989030081,1,2,"cellular response to morphine","BP",597,70,23,117,209,52,40,45,42,130,16,30,39,36,51,50,53.9311192005941,1.24001173319722,0.291394177728997,4.25544443908026,2.08634170593456e-05,0.0140070393688954,"CvsT3"
"119","Mcavernosa13005","GO:1903204",0.0344943978007203,0.999491630882261,1,7,"negative regulation of oxidative stress-induced neuron death","BP",597,70,23,117,209,52,40,45,42,130,16,30,39,36,51,50,53.9311192005941,1.25873796564157,0.291603627752727,4.31660598786841,1.58446618348196e-05,0.0152425646850965,"CvsT4"
"120","Mcavernosa13005","GO:1903204",0.0344943978007203,0.999491630882261,1,7,"negative regulation of oxidative stress-induced neuron death","BP",597,70,23,117,209,52,40,45,42,130,16,30,39,36,51,50,53.9311192005941,1.24001173319722,0.291394177728997,4.25544443908026,2.08634170593456e-05,0.0140070393688954,"CvsT3"
"121","Mcavernosa13005","GO:0034614",0.0323525003223095,0.999553183735876,1,7,"cellular response to reactive oxygen species","BP",597,70,23,117,209,52,40,45,42,130,16,30,39,36,51,50,53.9311192005941,1.25873796564157,0.291603627752727,4.31660598786841,1.58446618348196e-05,0.0152425646850965,"CvsT4"
"122","Mcavernosa13005","GO:0034614",0.0323525003223095,0.999553183735876,1,7,"cellular response to reactive oxygen species","BP",597,70,23,117,209,52,40,45,42,130,16,30,39,36,51,50,53.9311192005941,1.24001173319722,0.291394177728997,4.25544443908026,2.08634170593456e-05,0.0140070393688954,"CvsT3"
"123","Mcavernosa13005","GO:0006497",0.0213252332482076,0.999830738296139,1,4,"protein lipidation","BP",597,70,23,117,209,52,40,45,42,130,16,30,39,36,51,50,53.9311192005941,1.25873796564157,0.291603627752727,4.31660598786841,1.58446618348196e-05,0.0152425646850965,"CvsT4"
"124","Mcavernosa13005","GO:0006497",0.0213252332482076,0.999830738296139,1,4,"protein lipidation","BP",597,70,23,117,209,52,40,45,42,130,16,30,39,36,51,50,53.9311192005941,1.24001173319722,0.291394177728997,4.25544443908026,2.08634170593456e-05,0.0140070393688954,"CvsT3"
"125","Mcavernosa13005","GO:0075044",0.0107714406850367,0.999971314517848,1,2,"positive regulation by symbiont of host autophagy","BP",597,70,23,117,209,52,40,45,42,130,16,30,39,36,51,50,53.9311192005941,1.25873796564157,0.291603627752727,4.31660598786841,1.58446618348196e-05,0.0152425646850965,"CvsT4"
"126","Mcavernosa13005","GO:0075044",0.0107714406850367,0.999971314517848,1,2,"positive regulation by symbiont of host autophagy","BP",597,70,23,117,209,52,40,45,42,130,16,30,39,36,51,50,53.9311192005941,1.24001173319722,0.291394177728997,4.25544443908026,2.08634170593456e-05,0.0140070393688954,"CvsT3"
"127","Mcavernosa13005","GO:1903706",0.022135443472799,0.999817568872075,1,4,"regulation of hemopoiesis","BP",597,70,23,117,209,52,40,45,42,130,16,30,39,36,51,50,53.9311192005941,1.25873796564157,0.291603627752727,4.31660598786841,1.58446618348196e-05,0.0152425646850965,"CvsT4"
"128","Mcavernosa13005","GO:1903706",0.022135443472799,0.999817568872075,1,4,"regulation of hemopoiesis","BP",597,70,23,117,209,52,40,45,42,130,16,30,39,36,51,50,53.9311192005941,1.24001173319722,0.291394177728997,4.25544443908026,2.08634170593456e-05,0.0140070393688954,"CvsT3"
"131","Mcavernosa13005","GO:0031396",0.0380195413532669,0.999368814296188,1,8,"regulation of protein ubiquitination","BP",597,70,23,117,209,52,40,45,42,130,16,30,39,36,51,50,53.9311192005941,1.25873796564157,0.291603627752727,4.31660598786841,1.58446618348196e-05,0.0152425646850965,"CvsT4"
"132","Mcavernosa13005","GO:0031396",0.0380195413532669,0.999368814296188,1,8,"regulation of protein ubiquitination","BP",597,70,23,117,209,52,40,45,42,130,16,30,39,36,51,50,53.9311192005941,1.24001173319722,0.291394177728997,4.25544443908026,2.08634170593456e-05,0.0140070393688954,"CvsT3"
"133","Mcavernosa13005","GO:0061684",0.0110253321033741,0.999969942391345,1,2,"chaperone-mediated autophagy","BP",597,70,23,117,209,52,40,45,42,130,16,30,39,36,51,50,53.9311192005941,1.25873796564157,0.291603627752727,4.31660598786841,1.58446618348196e-05,0.0152425646850965,"CvsT4"
"134","Mcavernosa13005","GO:0061684",0.0110253321033741,0.999969942391345,1,2,"chaperone-mediated autophagy","BP",597,70,23,117,209,52,40,45,42,130,16,30,39,36,51,50,53.9311192005941,1.24001173319722,0.291394177728997,4.25544443908026,2.08634170593456e-05,0.0140070393688954,"CvsT3"
"137","Mcavernosa13005","GO:0039521",0.00565458694960487,1,1,1,"suppression by virus of host autophagy","BP",597,70,23,117,209,52,40,45,42,130,16,30,39,36,51,50,53.9311192005941,1.25873796564157,0.291603627752727,4.31660598786841,1.58446618348196e-05,0.0152425646850965,"CvsT4"
"138","Mcavernosa13005","GO:0039521",0.00565458694960487,1,1,1,"suppression by virus of host autophagy","BP",597,70,23,117,209,52,40,45,42,130,16,30,39,36,51,50,53.9311192005941,1.24001173319722,0.291394177728997,4.25544443908026,2.08634170593456e-05,0.0140070393688954,"CvsT3"
"141","Mcavernosa13005","GO:0090156",0.0114066580899907,0.999967820981555,1,2,"cellular sphingolipid homeostasis","BP",597,70,23,117,209,52,40,45,42,130,16,30,39,36,51,50,53.9311192005941,1.25873796564157,0.291603627752727,4.31660598786841,1.58446618348196e-05,0.0152425646850965,"CvsT4"
"142","Mcavernosa13005","GO:0090156",0.0114066580899907,0.999967820981555,1,2,"cellular sphingolipid homeostasis","BP",597,70,23,117,209,52,40,45,42,130,16,30,39,36,51,50,53.9311192005941,1.24001173319722,0.291394177728997,4.25544443908026,2.08634170593456e-05,0.0140070393688954,"CvsT3"
"143","Mcavernosa13005","GO:1902617",0.0106141141575324,0.999972148597566,1,2,"response to fluoride","BP",597,70,23,117,209,52,40,45,42,130,16,30,39,36,51,50,53.9311192005941,1.25873796564157,0.291603627752727,4.31660598786841,1.58446618348196e-05,0.0152425646850965,"CvsT4"
"144","Mcavernosa13005","GO:1902617",0.0106141141575324,0.999972148597566,1,2,"response to fluoride","BP",597,70,23,117,209,52,40,45,42,130,16,30,39,36,51,50,53.9311192005941,1.24001173319722,0.291394177728997,4.25544443908026,2.08634170593456e-05,0.0140070393688954,"CvsT3"
"145","Mcavernosa13005","GO:0090155",0.00565458694960487,1,1,1,"negative regulation of sphingolipid biosynthetic process","BP",597,70,23,117,209,52,40,45,42,130,16,30,39,36,51,50,53.9311192005941,1.25873796564157,0.291603627752727,4.31660598786841,1.58446618348196e-05,0.0152425646850965,"CvsT4"
"146","Mcavernosa13005","GO:0090155",0.00565458694960487,1,1,1,"negative regulation of sphingolipid biosynthetic process","BP",597,70,23,117,209,52,40,45,42,130,16,30,39,36,51,50,53.9311192005941,1.24001173319722,0.291394177728997,4.25544443908026,2.08634170593456e-05,0.0140070393688954,"CvsT3"
"147","Mcavernosa13005","GO:0080144",0.00565458694960487,1,1,1,"amino acid homeostasis","BP",597,70,23,117,209,52,40,45,42,130,16,30,39,36,51,50,53.9311192005941,1.25873796564157,0.291603627752727,4.31660598786841,1.58446618348196e-05,0.0152425646850965,"CvsT4"
"148","Mcavernosa13005","GO:0080144",0.00565458694960487,1,1,1,"amino acid homeostasis","BP",597,70,23,117,209,52,40,45,42,130,16,30,39,36,51,50,53.9311192005941,1.24001173319722,0.291394177728997,4.25544443908026,2.08634170593456e-05,0.0140070393688954,"CvsT3"
"149","Mcavernosa13005","GO:0021860",0.0244195327622303,0.999763041965925,1,5,"pyramidal neuron development","BP",597,70,23,117,209,52,40,45,42,130,16,30,39,36,51,50,53.9311192005941,1.25873796564157,0.291603627752727,4.31660598786841,1.58446618348196e-05,0.0152425646850965,"CvsT4"
"150","Mcavernosa13005","GO:0021860",0.0244195327622303,0.999763041965925,1,5,"pyramidal neuron development","BP",597,70,23,117,209,52,40,45,42,130,16,30,39,36,51,50,53.9311192005941,1.24001173319722,0.291394177728997,4.25544443908026,2.08634170593456e-05,0.0140070393688954,"CvsT3"
"151","Mcavernosa13005","GO:0021955",0.0155104612930288,0.999920571586324,1,3,"central nervous system neuron axonogenesis","BP",597,70,23,117,209,52,40,45,42,130,16,30,39,36,51,50,53.9311192005941,1.25873796564157,0.291603627752727,4.31660598786841,1.58446618348196e-05,0.0152425646850965,"CvsT4"
"152","Mcavernosa13005","GO:0021955",0.0155104612930288,0.999920571586324,1,3,"central nervous system neuron axonogenesis","BP",597,70,23,117,209,52,40,45,42,130,16,30,39,36,51,50,53.9311192005941,1.24001173319722,0.291394177728997,4.25544443908026,2.08634170593456e-05,0.0140070393688954,"CvsT3"
"153","Mcavernosa13005","GO:2000619",0.00565458694960487,1,1,1,"negative regulation of histone H4-K16 acetylation","BP",597,70,23,117,209,52,40,45,42,130,16,30,39,36,51,50,53.9311192005941,1.25873796564157,0.291603627752727,4.31660598786841,1.58446618348196e-05,0.0152425646850965,"CvsT4"
"154","Mcavernosa13005","GO:2000619",0.00565458694960487,1,1,1,"negative regulation of histone H4-K16 acetylation","BP",597,70,23,117,209,52,40,45,42,130,16,30,39,36,51,50,53.9311192005941,1.24001173319722,0.291394177728997,4.25544443908026,2.08634170593456e-05,0.0140070393688954,"CvsT3"
"155","Mcavernosa13005","GO:0000422",0.0244457489642103,0.999762530332952,1,5,"autophagy of mitochondrion","BP",597,70,23,117,209,52,40,45,42,130,16,30,39,36,51,50,53.9311192005941,1.25873796564157,0.291603627752727,4.31660598786841,1.58446618348196e-05,0.0152425646850965,"CvsT4"
"156","Mcavernosa13005","GO:0000422",0.0244457489642103,0.999762530332952,1,5,"autophagy of mitochondrion","BP",597,70,23,117,209,52,40,45,42,130,16,30,39,36,51,50,53.9311192005941,1.24001173319722,0.291394177728997,4.25544443908026,2.08634170593456e-05,0.0140070393688954,"CvsT3"
"157","Mcavernosa13005","GO:0090298",0.00565458694960487,1,1,1,"negative regulation of mitochondrial DNA replication","BP",597,70,23,117,209,52,40,45,42,130,16,30,39,36,51,50,53.9311192005941,1.25873796564157,0.291603627752727,4.31660598786841,1.58446618348196e-05,0.0152425646850965,"CvsT4"
"158","Mcavernosa13005","GO:0090298",0.00565458694960487,1,1,1,"negative regulation of mitochondrial DNA replication","BP",597,70,23,117,209,52,40,45,42,130,16,30,39,36,51,50,53.9311192005941,1.24001173319722,0.291394177728997,4.25544443908026,2.08634170593456e-05,0.0140070393688954,"CvsT3"
"164","Mcavernosa15302","GO:0015918",0.0328416771855385,0.999539480423723,1,7,"sterol transport","BP",666,74,2302,16,139,4,89,436,411,30,91,123,108,434,546,453,426.232262646165,-5.34480804303799,1.28164739565527,-4.17026403764143,3.0424693106722e-05,0.0176407902395157,"CvsT3"
"165","Mcavernosa15302","GO:0010634",0.00559661385999873,0.999813864892331,2,25,"positive regulation of epithelial cell migration","BP",666,74,2302,16,139,4,89,436,411,30,91,123,108,434,546,453,426.232262646165,-5.34480804303799,1.28164739565527,-4.17026403764143,3.0424693106722e-05,0.0176407902395157,"CvsT3"
"166","Mcavernosa15503","GO:0001880",0.0104549422346041,0.999972979870664,1,2,"Mullerian duct regression","BP",1002,54,46,13,28,18,57,39,23,36,15,49,64,42,78,45,41.6698066266137,-2.09934597043751,0.474278350051742,-4.42640059409939,9.58185075676447e-06,0.00814840588355251,"CvsT3"
"167","Mcavernosa15503","GO:0001880",0.0104549422346041,0.999972979870664,1,2,"Mullerian duct regression","BP",1002,54,46,13,28,18,57,39,23,36,15,49,64,42,78,45,41.6698066266137,-1.84784172095552,0.478265040559637,-3.86363535748564,0.000111711944696114,0.0367649889570948,"CvsT2"
"168","Mcavernosa15503","GO:0030166",0.0340801843356912,0.99949361773885,1,8,"proteoglycan biosynthetic process","BP",1002,54,46,13,28,18,57,39,23,36,15,49,64,42,78,45,41.6698066266137,-2.09934597043751,0.474278350051742,-4.42640059409939,9.58185075676447e-06,0.00814840588355251,"CvsT3"
"169","Mcavernosa15503","GO:0030166",0.0340801843356912,0.99949361773885,1,8,"proteoglycan biosynthetic process","BP",1002,54,46,13,28,18,57,39,23,36,15,49,64,42,78,45,41.6698066266137,-1.84784172095552,0.478265040559637,-3.86363535748564,0.000111711944696114,0.0367649889570948,"CvsT2"
"170","Mcavernosa15503","GO:1904414",0.00528937695178148,1,1,1,"positive regulation of cardiac ventricle development","BP",1002,54,46,13,28,18,57,39,23,36,15,49,64,42,78,45,41.6698066266137,-2.09934597043751,0.474278350051742,-4.42640059409939,9.58185075676447e-06,0.00814840588355251,"CvsT3"
"171","Mcavernosa15503","GO:1904414",0.00528937695178148,1,1,1,"positive regulation of cardiac ventricle development","BP",1002,54,46,13,28,18,57,39,23,36,15,49,64,42,78,45,41.6698066266137,-1.84784172095552,0.478265040559637,-3.86363535748564,0.000111711944696114,0.0367649889570948,"CvsT2"
"172","Mcavernosa15503","GO:1904707",0.046221738032613,0.999049444387267,1,9,"positive regulation of vascular smooth muscle cell proliferation","BP",1002,54,46,13,28,18,57,39,23,36,15,49,64,42,78,45,41.6698066266137,-2.09934597043751,0.474278350051742,-4.42640059409939,9.58185075676447e-06,0.00814840588355251,"CvsT3"
"173","Mcavernosa15503","GO:1904707",0.046221738032613,0.999049444387267,1,9,"positive regulation of vascular smooth muscle cell proliferation","BP",1002,54,46,13,28,18,57,39,23,36,15,49,64,42,78,45,41.6698066266137,-1.84784172095552,0.478265040559637,-3.86363535748564,0.000111711944696114,0.0367649889570948,"CvsT2"
"174","Mcavernosa15503","GO:0003222",0.022580629226894,0.999797540266169,1,5,"ventricular trabecula myocardium morphogenesis","BP",1002,54,46,13,28,18,57,39,23,36,15,49,64,42,78,45,41.6698066266137,-2.09934597043751,0.474278350051742,-4.42640059409939,9.58185075676447e-06,0.00814840588355251,"CvsT3"
"175","Mcavernosa15503","GO:0003222",0.022580629226894,0.999797540266169,1,5,"ventricular trabecula myocardium morphogenesis","BP",1002,54,46,13,28,18,57,39,23,36,15,49,64,42,78,45,41.6698066266137,-1.84784172095552,0.478265040559637,-3.86363535748564,0.000111711944696114,0.0367649889570948,"CvsT2"
"176","Mcavernosa15503","GO:0060914",0.0201121463122681,0.99984952598501,1,4,"heart formation","BP",1002,54,46,13,28,18,57,39,23,36,15,49,64,42,78,45,41.6698066266137,-2.09934597043751,0.474278350051742,-4.42640059409939,9.58185075676447e-06,0.00814840588355251,"CvsT3"
"177","Mcavernosa15503","GO:0060914",0.0201121463122681,0.99984952598501,1,4,"heart formation","BP",1002,54,46,13,28,18,57,39,23,36,15,49,64,42,78,45,41.6698066266137,-1.84784172095552,0.478265040559637,-3.86363535748564,0.000111711944696114,0.0367649889570948,"CvsT2"
"180","Mcavernosa15503","GO:0010862",0.0435663201598523,0.999145993544438,1,10,"positive regulation of pathway-restricted SMAD protein phosphorylation","BP",1002,54,46,13,28,18,57,39,23,36,15,49,64,42,78,45,41.6698066266137,-2.09934597043751,0.474278350051742,-4.42640059409939,9.58185075676447e-06,0.00814840588355251,"CvsT3"
"181","Mcavernosa15503","GO:0010862",0.0435663201598523,0.999145993544438,1,10,"positive regulation of pathway-restricted SMAD protein phosphorylation","BP",1002,54,46,13,28,18,57,39,23,36,15,49,64,42,78,45,41.6698066266137,-1.84784172095552,0.478265040559637,-3.86363535748564,0.000111711944696114,0.0367649889570948,"CvsT2"
"182","Mcavernosa15503","GO:0032915",0.00528937695178148,1,1,1,"positive regulation of transforming growth factor beta2 production","BP",1002,54,46,13,28,18,57,39,23,36,15,49,64,42,78,45,41.6698066266137,-2.09934597043751,0.474278350051742,-4.42640059409939,9.58185075676447e-06,0.00814840588355251,"CvsT3"
"183","Mcavernosa15503","GO:0032915",0.00528937695178148,1,1,1,"positive regulation of transforming growth factor beta2 production","BP",1002,54,46,13,28,18,57,39,23,36,15,49,64,42,78,45,41.6698066266137,-1.84784172095552,0.478265040559637,-3.86363535748564,0.000111711944696114,0.0367649889570948,"CvsT2"
"184","Mcavernosa15503","GO:0060412",0.0427717193090034,0.999187138650602,1,9,"ventricular septum morphogenesis","BP",1002,54,46,13,28,18,57,39,23,36,15,49,64,42,78,45,41.6698066266137,-2.09934597043751,0.474278350051742,-4.42640059409939,9.58185075676447e-06,0.00814840588355251,"CvsT3"
"185","Mcavernosa15503","GO:0060412",0.0427717193090034,0.999187138650602,1,9,"ventricular septum morphogenesis","BP",1002,54,46,13,28,18,57,39,23,36,15,49,64,42,78,45,41.6698066266137,-1.84784172095552,0.478265040559637,-3.86363535748564,0.000111711944696114,0.0367649889570948,"CvsT2"
"186","Mcavernosa15503","GO:1902895",0.0416910040750223,0.999228020490758,1,9,"positive regulation of pri-miRNA transcription by RNA polymerase II","BP",1002,54,46,13,28,18,57,39,23,36,15,49,64,42,78,45,41.6698066266137,-2.09934597043751,0.474278350051742,-4.42640059409939,9.58185075676447e-06,0.00814840588355251,"CvsT3"
"187","Mcavernosa15503","GO:1902895",0.0416910040750223,0.999228020490758,1,9,"positive regulation of pri-miRNA transcription by RNA polymerase II","BP",1002,54,46,13,28,18,57,39,23,36,15,49,64,42,78,45,41.6698066266137,-1.84784172095552,0.478265040559637,-3.86363535748564,0.000111711944696114,0.0367649889570948,"CvsT2"
"188","Mcavernosa15503","GO:0035137",0.0235310246727933,0.999780052596294,1,5,"hindlimb morphogenesis","BP",1002,54,46,13,28,18,57,39,23,36,15,49,64,42,78,45,41.6698066266137,-2.09934597043751,0.474278350051742,-4.42640059409939,9.58185075676447e-06,0.00814840588355251,"CvsT3"
"189","Mcavernosa15503","GO:0035137",0.0235310246727933,0.999780052596294,1,5,"hindlimb morphogenesis","BP",1002,54,46,13,28,18,57,39,23,36,15,49,64,42,78,45,41.6698066266137,-1.84784172095552,0.478265040559637,-3.86363535748564,0.000111711944696114,0.0367649889570948,"CvsT2"
"190","Mcavernosa15503","GO:0021983",0.0401566382436185,0.999295271704882,1,8,"pituitary gland development","BP",1002,54,46,13,28,18,57,39,23,36,15,49,64,42,78,45,41.6698066266137,-2.09934597043751,0.474278350051742,-4.42640059409939,9.58185075676447e-06,0.00814840588355251,"CvsT3"
"191","Mcavernosa15503","GO:0021983",0.0401566382436185,0.999295271704882,1,8,"pituitary gland development","BP",1002,54,46,13,28,18,57,39,23,36,15,49,64,42,78,45,41.6698066266137,-1.84784172095552,0.478265040559637,-3.86363535748564,0.000111711944696114,0.0367649889570948,"CvsT2"
"196","Mcavernosa15503","GO:0003223",0.0243797283367982,0.999763817719915,1,5,"ventricular compact myocardium morphogenesis","BP",1002,54,46,13,28,18,57,39,23,36,15,49,64,42,78,45,41.6698066266137,-2.09934597043751,0.474278350051742,-4.42640059409939,9.58185075676447e-06,0.00814840588355251,"CvsT3"
"197","Mcavernosa15503","GO:0003223",0.0243797283367982,0.999763817719915,1,5,"ventricular compact myocardium morphogenesis","BP",1002,54,46,13,28,18,57,39,23,36,15,49,64,42,78,45,41.6698066266137,-1.84784172095552,0.478265040559637,-3.86363535748564,0.000111711944696114,0.0367649889570948,"CvsT2"
"198","Mcavernosa15503","GO:0014912",0.0199358963488429,0.999852162939831,1,4,"negative regulation of smooth muscle cell migration","BP",1002,54,46,13,28,18,57,39,23,36,15,49,64,42,78,45,41.6698066266137,-2.09934597043751,0.474278350051742,-4.42640059409939,9.58185075676447e-06,0.00814840588355251,"CvsT3"
"199","Mcavernosa15503","GO:0014912",0.0199358963488429,0.999852162939831,1,4,"negative regulation of smooth muscle cell migration","BP",1002,54,46,13,28,18,57,39,23,36,15,49,64,42,78,45,41.6698066266137,-1.84784172095552,0.478265040559637,-3.86363535748564,0.000111711944696114,0.0367649889570948,"CvsT2"
"200","Mcavernosa15503","GO:0032332",0.0180366831051611,0.999879087546947,1,4,"positive regulation of chondrocyte differentiation","BP",1002,54,46,13,28,18,57,39,23,36,15,49,64,42,78,45,41.6698066266137,-2.09934597043751,0.474278350051742,-4.42640059409939,9.58185075676447e-06,0.00814840588355251,"CvsT3"
"201","Mcavernosa15503","GO:0032332",0.0180366831051611,0.999879087546947,1,4,"positive regulation of chondrocyte differentiation","BP",1002,54,46,13,28,18,57,39,23,36,15,49,64,42,78,45,41.6698066266137,-1.84784172095552,0.478265040559637,-3.86363535748564,0.000111711944696114,0.0367649889570948,"CvsT2"
"202","Mcavernosa15503","GO:1905285",0.00528937695178148,1,1,1,"fibrous ring of heart morphogenesis","BP",1002,54,46,13,28,18,57,39,23,36,15,49,64,42,78,45,41.6698066266137,-2.09934597043751,0.474278350051742,-4.42640059409939,9.58185075676447e-06,0.00814840588355251,"CvsT3"
"203","Mcavernosa15503","GO:1905285",0.00528937695178148,1,1,1,"fibrous ring of heart morphogenesis","BP",1002,54,46,13,28,18,57,39,23,36,15,49,64,42,78,45,41.6698066266137,-1.84784172095552,0.478265040559637,-3.86363535748564,0.000111711944696114,0.0367649889570948,"CvsT2"
"204","Mcavernosa15503","GO:0060928",0.00967974670545373,0.999976847401858,1,2,"atrioventricular node cell development","BP",1002,54,46,13,28,18,57,39,23,36,15,49,64,42,78,45,41.6698066266137,-2.09934597043751,0.474278350051742,-4.42640059409939,9.58185075676447e-06,0.00814840588355251,"CvsT3"
"205","Mcavernosa15503","GO:0060928",0.00967974670545373,0.999976847401858,1,2,"atrioventricular node cell development","BP",1002,54,46,13,28,18,57,39,23,36,15,49,64,42,78,45,41.6698066266137,-1.84784172095552,0.478265040559637,-3.86363535748564,0.000111711944696114,0.0367649889570948,"CvsT2"
"206","Mcavernosa15503","GO:0060391",0.0277457059519351,0.999681009634244,1,6,"positive regulation of SMAD protein signal transduction","BP",1002,54,46,13,28,18,57,39,23,36,15,49,64,42,78,45,41.6698066266137,-2.09934597043751,0.474278350051742,-4.42640059409939,9.58185075676447e-06,0.00814840588355251,"CvsT3"
"207","Mcavernosa15503","GO:0060391",0.0277457059519351,0.999681009634244,1,6,"positive regulation of SMAD protein signal transduction","BP",1002,54,46,13,28,18,57,39,23,36,15,49,64,42,78,45,41.6698066266137,-1.84784172095552,0.478265040559637,-3.86363535748564,0.000111711944696114,0.0367649889570948,"CvsT2"
"208","Mcavernosa15503","GO:0048382",0.0238909217864333,0.999773239398675,1,5,"mesendoderm development","BP",1002,54,46,13,28,18,57,39,23,36,15,49,64,42,78,45,41.6698066266137,-2.09934597043751,0.474278350051742,-4.42640059409939,9.58185075676447e-06,0.00814840588355251,"CvsT3"
"209","Mcavernosa15503","GO:0048382",0.0238909217864333,0.999773239398675,1,5,"mesendoderm development","BP",1002,54,46,13,28,18,57,39,23,36,15,49,64,42,78,45,41.6698066266137,-1.84784172095552,0.478265040559637,-3.86363535748564,0.000111711944696114,0.0367649889570948,"CvsT2"
"210","Mcavernosa15503","GO:0035912",0.00989889630397959,0.999975784467417,1,2,"dorsal aorta morphogenesis","BP",1002,54,46,13,28,18,57,39,23,36,15,49,64,42,78,45,41.6698066266137,-2.09934597043751,0.474278350051742,-4.42640059409939,9.58185075676447e-06,0.00814840588355251,"CvsT3"
"211","Mcavernosa15503","GO:0035912",0.00989889630397959,0.999975784467417,1,2,"dorsal aorta morphogenesis","BP",1002,54,46,13,28,18,57,39,23,36,15,49,64,42,78,45,41.6698066266137,-1.84784172095552,0.478265040559637,-3.86363535748564,0.000111711944696114,0.0367649889570948,"CvsT2"
"212","Mcavernosa15503","GO:0003215",0.0297165963330392,0.999633790672342,1,6,"cardiac right ventricle morphogenesis","BP",1002,54,46,13,28,18,57,39,23,36,15,49,64,42,78,45,41.6698066266137,-2.09934597043751,0.474278350051742,-4.42640059409939,9.58185075676447e-06,0.00814840588355251,"CvsT3"
"213","Mcavernosa15503","GO:0003215",0.0297165963330392,0.999633790672342,1,6,"cardiac right ventricle morphogenesis","BP",1002,54,46,13,28,18,57,39,23,36,15,49,64,42,78,45,41.6698066266137,-1.84784172095552,0.478265040559637,-3.86363535748564,0.000111711944696114,0.0367649889570948,"CvsT2"
