"","gene_id","category","over_represented_pvalue","under_represented_pvalue","numDEInCat","numInCat","term","ontology","length","5_2","10_2","13_2","14_2","15_2","16_2","19_2","20_2","40_2","45_2","48_2","baseMean","log2FoldChange","lfcSE","stat","pvalue","padj","Treatment_Compare"
"1","Montipora_capitata_PredGene_adi2mcaRNA10298_R0","GO:0032727",0.00242672424638462,0.999951118476647,2,11,"positive regulation of interferon-alpha production","BP",1770,3202,1031,3368,4701,795,1221,931,730,1115,1941,1338,1555.02669736155,0.625802440730696,0.17378851955007,3.60094235425256,0.000317065877700654,0.0482240776358442,"CvsMid"
"3","Montipora_capitata_PredGene_adi2mcaRNA10298_R0","GO:0006919",0.022168673092175,0.996947454106964,3,69,"activation of cysteine-type endopeptidase activity involved in apoptotic process","BP",1770,3202,1031,3368,4701,795,1221,931,730,1115,1941,1338,1555.02669736155,0.625802440730696,0.17378851955007,3.60094235425256,0.000317065877700654,0.0482240776358442,"CvsMid"
"6","Montipora_capitata_PredGene_adi2mcaRNA10298_R0","GO:0048291",0.0060150842184391,1,1,1,"isotype switching to IgG isotypes","BP",1770,3202,1031,3368,4701,795,1221,931,730,1115,1941,1338,1555.02669736155,0.625802440730696,0.17378851955007,3.60094235425256,0.000317065877700654,0.0482240776358442,"CvsMid"
"7","Montipora_capitata_PredGene_adi2mcaRNA10298_R0","GO:0002842",0.0119918477245278,0.999964062810209,1,2,"positive regulation of T cell mediated immune response to tumor cell","BP",1770,3202,1031,3368,4701,795,1221,931,730,1115,1941,1338,1555.02669736155,0.625802440730696,0.17378851955007,3.60094235425256,0.000317065877700654,0.0482240776358442,"CvsMid"
"8","Montipora_capitata_PredGene_adi2mcaRNA10298_R0","GO:0051702",0.028158564201393,0.999734034320419,1,3,"interaction with symbiont","BP",1770,3202,1031,3368,4701,795,1221,931,730,1115,1941,1338,1555.02669736155,0.625802440730696,0.17378851955007,3.60094235425256,0.000317065877700654,0.0482240776358442,"CvsMid"
"9","Montipora_capitata_PredGene_adi2mcaRNA10298_R0","GO:0032755",0.02679597868644,0.997918487717221,2,32,"positive regulation of interleukin-6 production","BP",1770,3202,1031,3368,4701,795,1221,931,730,1115,1941,1338,1555.02669736155,0.625802440730696,0.17378851955007,3.60094235425256,0.000317065877700654,0.0482240776358442,"CvsMid"
"10","Montipora_capitata_PredGene_adi2mcaRNA10298_R0","GO:0014823",0.00519810857387086,0.999586515640964,3,44,"response to activity","BP",1770,3202,1031,3368,4701,795,1221,931,730,1115,1941,1338,1555.02669736155,0.625802440730696,0.17378851955007,3.60094235425256,0.000317065877700654,0.0482240776358442,"CvsMid"
"11","Montipora_capitata_PredGene_adi2mcaRNA10298_R0","GO:0043032",0.0250876807522204,0.999762992714425,1,4,"positive regulation of macrophage activation","BP",1770,3202,1031,3368,4701,795,1221,931,730,1115,1941,1338,1555.02669736155,0.625802440730696,0.17378851955007,3.60094235425256,0.000317065877700654,0.0482240776358442,"CvsMid"
"12","Montipora_capitata_PredGene_adi2mcaRNA10298_R0","GO:0006458",0.0060150842184391,1,1,1,"'de novo' protein folding","BP",1770,3202,1031,3368,4701,795,1221,931,730,1115,1941,1338,1555.02669736155,0.625802440730696,0.17378851955007,3.60094235425256,0.000317065877700654,0.0482240776358442,"CvsMid"
"13","Montipora_capitata_PredGene_adi2mcaRNA10298_R0","GO:0043627",3.27479906760166e-05,0.999998253245644,5,49,"response to estrogen","BP",1770,3202,1031,3368,4701,795,1221,931,730,1115,1941,1338,1555.02669736155,0.625802440730696,0.17378851955007,3.60094235425256,0.000317065877700654,0.0482240776358442,"CvsMid"
"15","Montipora_capitata_PredGene_adi2mcaRNA10298_R0","GO:0034514",0.0179329019987035,0.999892629338731,1,3,"mitochondrial unfolded protein response","BP",1770,3202,1031,3368,4701,795,1221,931,730,1115,1941,1338,1555.02669736155,0.625802440730696,0.17378851955007,3.60094235425256,0.000317065877700654,0.0482240776358442,"CvsMid"
"16","Montipora_capitata_PredGene_adi2mcaRNA10298_R0","GO:0071866",0.0060150842184391,1,1,1,"negative regulation of apoptotic process in bone marrow cell","BP",1770,3202,1031,3368,4701,795,1221,931,730,1115,1941,1338,1555.02669736155,0.625802440730696,0.17378851955007,3.60094235425256,0.000317065877700654,0.0482240776358442,"CvsMid"
"19","Montipora_capitata_PredGene_adi2mcaRNA10298_R0","GO:0042100",0.0446701170165694,0.999159116485561,1,6,"B cell proliferation","BP",1770,3202,1031,3368,4701,795,1221,931,730,1115,1941,1338,1555.02669736155,0.625802440730696,0.17378851955007,3.60094235425256,0.000317065877700654,0.0482240776358442,"CvsMid"
"21","Montipora_capitata_PredGene_adi2mcaRNA10298_R0","GO:0050729",0.0340706444899841,0.996969893932082,2,37,"positive regulation of inflammatory response","BP",1770,3202,1031,3368,4701,795,1221,931,730,1115,1941,1338,1555.02669736155,0.625802440730696,0.17378851955007,3.60094235425256,0.000317065877700654,0.0482240776358442,"CvsMid"
"22","Montipora_capitata_PredGene_adi2mcaRNA10298_R0","GO:0034605",0.0069829623519701,0.99938041827316,3,47,"cellular response to heat","BP",1770,3202,1031,3368,4701,795,1221,931,730,1115,1941,1338,1555.02669736155,0.625802440730696,0.17378851955007,3.60094235425256,0.000317065877700654,0.0482240776358442,"CvsMid"
"25","Montipora_capitata_PredGene_adi2mcaRNA10298_R0","GO:0050870",0.0179329019978771,0.999892629338741,1,3,"positive regulation of T cell activation","BP",1770,3202,1031,3368,4701,795,1221,931,730,1115,1941,1338,1555.02669736155,0.625802440730696,0.17378851955007,3.60094235425256,0.000317065877700654,0.0482240776358442,"CvsMid"
"26","Montipora_capitata_PredGene_adi2mcaRNA10298_R0","GO:0032760",0.0226635128219492,0.998387526718288,2,33,"positive regulation of tumor necrosis factor production","BP",1770,3202,1031,3368,4701,795,1221,931,730,1115,1941,1338,1555.02669736155,0.625802440730696,0.17378851955007,3.60094235425256,0.000317065877700654,0.0482240776358442,"CvsMid"
"27","Montipora_capitata_PredGene_adi2mcaRNA10298_R0","GO:0045041",0.0272197150003267,0.999751580533968,1,3,"protein import into mitochondrial intermembrane space","BP",1770,3202,1031,3368,4701,795,1221,931,730,1115,1941,1338,1555.02669736155,0.625802440730696,0.17378851955007,3.60094235425256,0.000317065877700654,0.0482240776358442,"CvsMid"
"28","Montipora_capitata_PredGene_adi2mcaRNA12420_R3","GO:0009966",0.0381796996319186,0.993480665851349,3,93,"regulation of signal transduction","BP",1762,15,22,21,19,13,23,18,20,18,10,24,19.7818699986117,-1.42609670238068,0.348981137407302,-4.0864578325798,4.380090484895e-05,0.0111686762807594,"CvsMid"
"29","Montipora_capitata_PredGene_adi2mcaRNA12420_R3","GO:0032268",0.027158313876434,0.997863949604098,2,36,"regulation of cellular protein metabolic process","BP",1762,15,22,21,19,13,23,18,20,18,10,24,19.7818699986117,-1.42609670238068,0.348981137407302,-4.0864578325798,4.380090484895e-05,0.0111686762807594,"CvsMid"
"30","Montipora_capitata_PredGene_adi2mcaRNA13127_R1","GO:0042921",0.0119894780031112,0.999964077055201,1,2,"glucocorticoid receptor signaling pathway","BP",2352,7,32,10,12,18,25,15,23,28,0,30,21.3763127182388,-2.85661826116617,0.472445476233012,-6.04645065911749,1.48071550837306e-09,1.68367224738739e-06,"CvsHigh"
"31","Montipora_capitata_PredGene_adi2mcaRNA13127_R1","GO:0042921",0.0119894780031112,0.999964077055201,1,2,"glucocorticoid receptor signaling pathway","BP",2352,7,32,10,12,18,25,15,23,28,0,30,21.3763127182388,-2.89852247830336,0.452330498605317,-6.40797489278404,1.4746518493444e-10,2.0083389729596e-07,"CvsMid"
"36","Montipora_capitata_PredGene_adi2mcaRNA13127_R1","GO:0003205",0.0406800290401906,0.999331290354406,1,5,"cardiac chamber development","BP",2352,7,32,10,12,18,25,15,23,28,0,30,21.3763127182388,-2.85661826116617,0.472445476233012,-6.04645065911749,1.48071550837306e-09,1.68367224738739e-06,"CvsHigh"
"37","Montipora_capitata_PredGene_adi2mcaRNA13127_R1","GO:0003205",0.0406800290401906,0.999331290354406,1,5,"cardiac chamber development","BP",2352,7,32,10,12,18,25,15,23,28,0,30,21.3763127182388,-2.89852247830336,0.452330498605317,-6.40797489278404,1.4746518493444e-10,2.0083389729596e-07,"CvsMid"
"38","Montipora_capitata_PredGene_adi2mcaRNA13127_R1","GO:0007406",0.0455549808102931,0.9991004985552,1,7,"negative regulation of neuroblast proliferation","BP",2352,7,32,10,12,18,25,15,23,28,0,30,21.3763127182388,-2.85661826116617,0.472445476233012,-6.04645065911749,1.48071550837306e-09,1.68367224738739e-06,"CvsHigh"
"39","Montipora_capitata_PredGene_adi2mcaRNA13127_R1","GO:0007406",0.0455549808102931,0.9991004985552,1,7,"negative regulation of neuroblast proliferation","BP",2352,7,32,10,12,18,25,15,23,28,0,30,21.3763127182388,-2.89852247830336,0.452330498605317,-6.40797489278404,1.4746518493444e-10,2.0083389729596e-07,"CvsMid"
"40","Montipora_capitata_PredGene_adi2mcaRNA13127_R1","GO:0003408",0.0376732518183001,0.999403592078531,1,6,"optic cup formation involved in camera-type eye development","BP",2352,7,32,10,12,18,25,15,23,28,0,30,21.3763127182388,-2.85661826116617,0.472445476233012,-6.04645065911749,1.48071550837306e-09,1.68367224738739e-06,"CvsHigh"
"41","Montipora_capitata_PredGene_adi2mcaRNA13127_R1","GO:0003408",0.0376732518183001,0.999403592078531,1,6,"optic cup formation involved in camera-type eye development","BP",2352,7,32,10,12,18,25,15,23,28,0,30,21.3763127182388,-2.89852247830336,0.452330498605317,-6.40797489278404,1.4746518493444e-10,2.0083389729596e-07,"CvsMid"
"42","Montipora_capitata_PredGene_adi2mcaRNA13127_R1","GO:0014017",0.000466936977385824,0.999996807001252,2,5,"neuroblast fate commitment","BP",2352,7,32,10,12,18,25,15,23,28,0,30,21.3763127182388,-2.85661826116617,0.472445476233012,-6.04645065911749,1.48071550837306e-09,1.68367224738739e-06,"CvsHigh"
"43","Montipora_capitata_PredGene_adi2mcaRNA13127_R1","GO:0014017",0.000466936977385824,0.999996807001252,2,5,"neuroblast fate commitment","BP",2352,7,32,10,12,18,25,15,23,28,0,30,21.3763127182388,-2.89852247830336,0.452330498605317,-6.40797489278404,1.4746518493444e-10,2.0083389729596e-07,"CvsMid"
"46","Montipora_capitata_PredGene_adi2mcaRNA13127_R1","GO:0007270",0.0388532487350317,0.999365344667884,1,6,"neuron-neuron synaptic transmission","BP",2352,7,32,10,12,18,25,15,23,28,0,30,21.3763127182388,-2.85661826116617,0.472445476233012,-6.04645065911749,1.48071550837306e-09,1.68367224738739e-06,"CvsHigh"
"47","Montipora_capitata_PredGene_adi2mcaRNA13127_R1","GO:0007270",0.0388532487350317,0.999365344667884,1,6,"neuron-neuron synaptic transmission","BP",2352,7,32,10,12,18,25,15,23,28,0,30,21.3763127182388,-2.89852247830336,0.452330498605317,-6.40797489278404,1.4746518493444e-10,2.0083389729596e-07,"CvsMid"
"48","Montipora_capitata_PredGene_adi2mcaRNA13127_R1","GO:0097026",0.0119894780031112,0.999964077055201,1,2,"dendritic cell dendrite assembly","BP",2352,7,32,10,12,18,25,15,23,28,0,30,21.3763127182388,-2.85661826116617,0.472445476233012,-6.04645065911749,1.48071550837306e-09,1.68367224738739e-06,"CvsHigh"
"49","Montipora_capitata_PredGene_adi2mcaRNA13127_R1","GO:0097026",0.0119894780031112,0.999964077055201,1,2,"dendritic cell dendrite assembly","BP",2352,7,32,10,12,18,25,15,23,28,0,30,21.3763127182388,-2.89852247830336,0.452330498605317,-6.40797489278404,1.4746518493444e-10,2.0083389729596e-07,"CvsMid"
"50","Montipora_capitata_PredGene_adi2mcaRNA13127_R1","GO:0008586",0.041370717456065,0.999259375869549,1,7,"imaginal disc-derived wing vein morphogenesis","BP",2352,7,32,10,12,18,25,15,23,28,0,30,21.3763127182388,-2.85661826116617,0.472445476233012,-6.04645065911749,1.48071550837306e-09,1.68367224738739e-06,"CvsHigh"
"51","Montipora_capitata_PredGene_adi2mcaRNA13127_R1","GO:0008586",0.041370717456065,0.999259375869549,1,7,"imaginal disc-derived wing vein morphogenesis","BP",2352,7,32,10,12,18,25,15,23,28,0,30,21.3763127182388,-2.89852247830336,0.452330498605317,-6.40797489278404,1.4746518493444e-10,2.0083389729596e-07,"CvsMid"
"54","Montipora_capitata_PredGene_adi2mcaRNA21693_R0","GO:0035115",0.0125886104818008,0.99935640843106,2,23,"embryonic forelimb morphogenesis","BP",4472,58,61,44,48,29,53,27,30,59,24,70,46.9544317639804,-1.36726050572403,0.299919090513731,-4.55876451006187,5.14554284365047e-06,0.00204098555212331,"CvsHigh"
"55","Montipora_capitata_PredGene_adi2mcaRNA21693_R0","GO:0061310",0.0238361174899365,0.999786164531417,1,4,"canonical Wnt signaling pathway involved in cardiac neural crest cell differentiation involved in heart development","BP",4472,58,61,44,48,29,53,27,30,59,24,70,46.9544317639804,-1.36726050572403,0.299919090513731,-4.55876451006187,5.14554284365047e-06,0.00204098555212331,"CvsHigh"
"56","Montipora_capitata_PredGene_adi2mcaRNA21693_R0","GO:0021874",0.0317451125720996,0.99959428046924,1,5,"Wnt signaling pathway involved in forebrain neuroblast division","BP",4472,58,61,44,48,29,53,27,30,59,24,70,46.9544317639804,-1.36726050572403,0.299919090513731,-4.55876451006187,5.14554284365047e-06,0.00204098555212331,"CvsHigh"
"57","Montipora_capitata_PredGene_adi2mcaRNA21693_R0","GO:0060596",0.0238361174899365,0.999786164531417,1,4,"mammary placode formation","BP",4472,58,61,44,48,29,53,27,30,59,24,70,46.9544317639804,-1.36726050572403,0.299919090513731,-4.55876451006187,5.14554284365047e-06,0.00204098555212331,"CvsHigh"
"58","Montipora_capitata_PredGene_adi2mcaRNA21693_R0","GO:0090118",0.0238361174899365,0.999786164531417,1,4,"receptor-mediated endocytosis involved in cholesterol transport","BP",4472,58,61,44,48,29,53,27,30,59,24,70,46.9544317639804,-1.36726050572403,0.299919090513731,-4.55876451006187,5.14554284365047e-06,0.00204098555212331,"CvsHigh"
"59","Montipora_capitata_PredGene_adi2mcaRNA21693_R0","GO:0110135",0.0297511299293288,0.999643940322972,1,5,"Norrin signaling pathway","BP",4472,58,61,44,48,29,53,27,30,59,24,70,46.9544317639804,-1.36726050572403,0.299919090513731,-4.55876451006187,5.14554284365047e-06,0.00204098555212331,"CvsHigh"
"60","Montipora_capitata_PredGene_adi2mcaRNA21693_R0","GO:0090245",0.0435058658987334,0.999180264600452,1,7,"axis elongation involved in somitogenesis","BP",4472,58,61,44,48,29,53,27,30,59,24,70,46.9544317639804,-1.36726050572403,0.299919090513731,-4.55876451006187,5.14554284365047e-06,0.00204098555212331,"CvsHigh"
"61","Montipora_capitata_PredGene_adi2mcaRNA21693_R0","GO:2000166",0.0238361174899365,0.999786164531417,1,4,"negative regulation of planar cell polarity pathway involved in pericardium morphogenesis","BP",4472,58,61,44,48,29,53,27,30,59,24,70,46.9544317639804,-1.36726050572403,0.299919090513731,-4.55876451006187,5.14554284365047e-06,0.00204098555212331,"CvsHigh"
"62","Montipora_capitata_PredGene_adi2mcaRNA21693_R0","GO:2000164",0.0238361174899365,0.999786164531417,1,4,"negative regulation of planar cell polarity pathway involved in outflow tract morphogenesis","BP",4472,58,61,44,48,29,53,27,30,59,24,70,46.9544317639804,-1.36726050572403,0.299919090513731,-4.55876451006187,5.14554284365047e-06,0.00204098555212331,"CvsHigh"
"63","Montipora_capitata_PredGene_adi2mcaRNA21693_R0","GO:0035261",0.0297064019322139,0.999645016650158,1,5,"external genitalia morphogenesis","BP",4472,58,61,44,48,29,53,27,30,59,24,70,46.9544317639804,-1.36726050572403,0.299919090513731,-4.55876451006187,5.14554284365047e-06,0.00204098555212331,"CvsHigh"
"64","Montipora_capitata_PredGene_adi2mcaRNA21693_R0","GO:0021943",0.0445541588080188,0.999163515666526,1,6,"formation of radial glial scaffolds","BP",4472,58,61,44,48,29,53,27,30,59,24,70,46.9544317639804,-1.36726050572403,0.299919090513731,-4.55876451006187,5.14554284365047e-06,0.00204098555212331,"CvsHigh"
"65","Montipora_capitata_PredGene_adi2mcaRNA21693_R0","GO:0030917",0.0365739243216098,0.999438139521676,1,6,"midbrain-hindbrain boundary development","BP",4472,58,61,44,48,29,53,27,30,59,24,70,46.9544317639804,-1.36726050572403,0.299919090513731,-4.55876451006187,5.14554284365047e-06,0.00204098555212331,"CvsHigh"
"66","Montipora_capitata_PredGene_adi2mcaRNA21693_R0","GO:0045780",0.000145016552779503,0.999997079860164,3,13,"positive regulation of bone resorption","BP",4472,58,61,44,48,29,53,27,30,59,24,70,46.9544317639804,-1.36726050572403,0.299919090513731,-4.55876451006187,5.14554284365047e-06,0.00204098555212331,"CvsHigh"
"67","Montipora_capitata_PredGene_adi2mcaRNA21693_R0","GO:2000149",0.0238361174899365,0.999786164531417,1,4,"negative regulation of planar cell polarity pathway involved in ventricular septum morphogenesis","BP",4472,58,61,44,48,29,53,27,30,59,24,70,46.9544317639804,-1.36726050572403,0.299919090513731,-4.55876451006187,5.14554284365047e-06,0.00204098555212331,"CvsHigh"
"68","Montipora_capitata_PredGene_adi2mcaRNA21693_R0","GO:0010976",0.0460009637120239,0.991524592146002,3,111,"positive regulation of neuron projection development","BP",4472,58,61,44,48,29,53,27,30,59,24,70,46.9544317639804,-1.36726050572403,0.299919090513731,-4.55876451006187,5.14554284365047e-06,0.00204098555212331,"CvsHigh"
"69","Montipora_capitata_PredGene_adi2mcaRNA21693_R0","GO:0035116",0.0148372412242905,0.999168612042921,2,25,"embryonic hindlimb morphogenesis","BP",4472,58,61,44,48,29,53,27,30,59,24,70,46.9544317639804,-1.36726050572403,0.299919090513731,-4.55876451006187,5.14554284365047e-06,0.00204098555212331,"CvsHigh"
"70","Montipora_capitata_PredGene_adi2mcaRNA21693_R0","GO:0009950",0.0181524867351183,0.998866129436487,2,26,"dorsal/ventral axis specification","BP",4472,58,61,44,48,29,53,27,30,59,24,70,46.9544317639804,-1.36726050572403,0.299919090513731,-4.55876451006187,5.14554284365047e-06,0.00204098555212331,"CvsHigh"
"71","Montipora_capitata_PredGene_adi2mcaRNA21693_R0","GO:0021587",0.0422179188923261,0.999228473810382,1,7,"cerebellum morphogenesis","BP",4472,58,61,44,48,29,53,27,30,59,24,70,46.9544317639804,-1.36726050572403,0.299919090513731,-4.55876451006187,5.14554284365047e-06,0.00204098555212331,"CvsHigh"
"73","Montipora_capitata_PredGene_adi2mcaRNA21693_R0","GO:2000168",0.0238361174899365,0.999786164531417,1,4,"negative regulation of planar cell polarity pathway involved in neural tube closure","BP",4472,58,61,44,48,29,53,27,30,59,24,70,46.9544317639804,-1.36726050572403,0.299919090513731,-4.55876451006187,5.14554284365047e-06,0.00204098555212331,"CvsHigh"
"74","Montipora_capitata_PredGene_adi2mcaRNA21693_R0","GO:0051091",0.0251025216431409,0.996368958299251,3,75,"positive regulation of DNA-binding transcription factor activity","BP",4472,58,61,44,48,29,53,27,30,59,24,70,46.9544317639804,-1.36726050572403,0.299919090513731,-4.55876451006187,5.14554284365047e-06,0.00204098555212331,"CvsHigh"
"76","Montipora_capitata_PredGene_adi2mcaRNA21693_R0","GO:2000151",0.0238361174899365,0.999786164531417,1,4,"negative regulation of planar cell polarity pathway involved in cardiac muscle tissue morphogenesis","BP",4472,58,61,44,48,29,53,27,30,59,24,70,46.9544317639804,-1.36726050572403,0.299919090513731,-4.55876451006187,5.14554284365047e-06,0.00204098555212331,"CvsHigh"
"77","Montipora_capitata_PredGene_adi2mcaRNA21693_R0","GO:0090244",0.0302000809027566,0.99963304546768,1,5,"Wnt signaling pathway involved in somitogenesis","BP",4472,58,61,44,48,29,53,27,30,59,24,70,46.9544317639804,-1.36726050572403,0.299919090513731,-4.55876451006187,5.14554284365047e-06,0.00204098555212331,"CvsHigh"
"78","Montipora_capitata_PredGene_adi2mcaRNA21693_R0","GO:0002053",0.0146233483627839,0.999184844646584,2,26,"positive regulation of mesenchymal cell proliferation","BP",4472,58,61,44,48,29,53,27,30,59,24,70,46.9544317639804,-1.36726050572403,0.299919090513731,-4.55876451006187,5.14554284365047e-06,0.00204098555212331,"CvsHigh"
"79","Montipora_capitata_PredGene_adi2mcaRNA21693_R0","GO:0042475",0.000322475037760509,0.999981556817055,4,35,"odontogenesis of dentin-containing tooth","BP",4472,58,61,44,48,29,53,27,30,59,24,70,46.9544317639804,-1.36726050572403,0.299919090513731,-4.55876451006187,5.14554284365047e-06,0.00204098555212331,"CvsHigh"
"80","Montipora_capitata_PredGene_adi2mcaRNA21693_R0","GO:0061299",0.0413419478636353,0.999260413984374,1,7,"retina vasculature morphogenesis in camera-type eye","BP",4472,58,61,44,48,29,53,27,30,59,24,70,46.9544317639804,-1.36726050572403,0.299919090513731,-4.55876451006187,5.14554284365047e-06,0.00204098555212331,"CvsHigh"
"81","Montipora_capitata_PredGene_adi2mcaRNA21693_R0","GO:0061324",0.000667875951555395,0.999994044934781,2,6,"canonical Wnt signaling pathway involved in positive regulation of cardiac outflow tract cell proliferation","BP",4472,58,61,44,48,29,53,27,30,59,24,70,46.9544317639804,-1.36726050572403,0.299919090513731,-4.55876451006187,5.14554284365047e-06,0.00204098555212331,"CvsHigh"
"82","Montipora_capitata_PredGene_adi2mcaRNA21693_R0","GO:2000162",0.0238361174899365,0.999786164531417,1,4,"negative regulation of planar cell polarity pathway involved in cardiac right atrium morphogenesis","BP",4472,58,61,44,48,29,53,27,30,59,24,70,46.9544317639804,-1.36726050572403,0.299919090513731,-4.55876451006187,5.14554284365047e-06,0.00204098555212331,"CvsHigh"
"83","Montipora_capitata_PredGene_adi2mcaRNA21693_R0","GO:0044281",0.00643089973357803,0.999445160488027,3,49,"small molecule metabolic process","BP",4472,58,61,44,48,29,53,27,30,59,24,70,46.9544317639804,-1.36726050572403,0.299919090513731,-4.55876451006187,5.14554284365047e-06,0.00204098555212331,"CvsHigh"
"86","Montipora_capitata_PredGene_adi2mcaRNA21702_R1","GO:2000638",0.0257015353911111,0.999778672215376,1,3,"regulation of SREBP signaling pathway","BP",1788,16,31,20,25,17,20,25,18,21,12,25,22.6480214953835,-1.57791365806358,0.33185349520637,-4.75485020003277,1.9859361518049e-06,0.000846803175129607,"CvsMid"
"89","Montipora_capitata_PredGene_adi2mcaRNA25316_R4","GO:0006352",0.000769256564785183,0.999970968858329,3,18,"DNA-templated transcription, initiation","BP",682,236,11,90,113,13,15,18,17,18,71,15,40.5611100083613,1.81223075203382,0.399501583183967,4.53622921238664,5.72689378051336e-06,0.0021706200071208,"CvsMid"
"90","Montipora_capitata_PredGene_adi2mcaRNA25316_R4","GO:0006352",0.000769256564785183,0.999970968858329,3,18,"DNA-templated transcription, initiation","BP",682,236,11,90,113,13,15,18,17,18,71,15,40.5611100083613,2.09088576211133,0.433326153948061,4.82520093251041,1.39862190512836e-06,0.000719045218036458,"CvsHigh"
"93","Montipora_capitata_PredGene_adi2mcaRNA25316_R5","GO:0006352",0.000769256564785183,0.999970968858329,3,18,"DNA-templated transcription, initiation","BP",681,79,12,59,64,11,9,9,13,18,50,15,24.3642797088182,1.31576379141465,0.359541766426146,3.65955756543495,0.000252651084368645,0.0399001564351074,"CvsHigh"
"94","Montipora_capitata_PredGene_adi2mcaRNA25316_R5","GO:0006352",0.000769256564785183,0.999970968858329,3,18,"DNA-templated transcription, initiation","BP",681,79,12,59,64,11,9,9,13,18,50,15,24.3642797088182,1.23577479479792,0.340054713670907,3.63404694926198,0.000279010057012178,0.0449952101356858,"CvsMid"
"97","Montipora_capitata_PredGene_adi2mcaRNA26720_R3","GO:0038166",8.21453590846723e-06,0.999999839548027,4,15,"angiotensin-activated signaling pathway","BP",694,1637,234,987,2350,248,292,379,270,273,818,273,548.673358547113,1.44378759547366,0.299302488799298,4.82384092850568,1.40819740234178e-06,0.000719045218036458,"CvsHigh"
"98","Montipora_capitata_PredGene_adi2mcaRNA26720_R3","GO:0038166",8.21453590846723e-06,0.999999839548027,4,15,"angiotensin-activated signaling pathway","BP",694,1637,234,987,2350,248,292,379,270,273,818,273,548.673358547113,1.02894117474215,0.276678783707209,3.71890161202604,0.000200090964256231,0.0344722372359018,"CvsMid"
"103","Montipora_capitata_PredGene_adi2mcaRNA34317_R1","GO:0051091",0.0251025216431409,0.996368958299251,3,75,"positive regulation of DNA-binding transcription factor activity","BP",1722,66,70,58,77,37,48,68,50,48,37,72,59.4359417762718,-1.18371753253975,0.23946198954909,-4.9432376919974,7.68357089092152e-07,0.00037443138604445,"CvsMid"
"106","Montipora_capitata_PredGene_adi2mcaRNA3796_R3","GO:0000226",0.0019051079524697,0.999818209402766,4,64,"microtubule cytoskeleton organization","BP",1311,310,607,670,194,265,452,334,674,560,127,878,502.33038044213,-1.77806972826932,0.425181026425203,-4.18191221564803,2.89067584750406e-05,0.00809420291076694,"CvsMid"
"107","Montipora_capitata_PredGene_adi2mcaRNA3796_R3","GO:0000226",0.0019051079524697,0.999818209402766,4,64,"microtubule cytoskeleton organization","BP",1311,310,607,670,194,265,452,334,674,560,127,878,502.33038044213,-1.82535909691005,0.45870695784242,-3.97935777014553,6.91016856655339e-05,0.0163694215376576,"CvsHigh"
"110","Montipora_capitata_PredGene_adi2mcaRNA3796_R3","GO:0007017",0.00416539165634825,0.999694230452586,3,43,"microtubule-based process","BP",1311,310,607,670,194,265,452,334,674,560,127,878,502.33038044213,-1.77806972826932,0.425181026425203,-4.18191221564803,2.89067584750406e-05,0.00809420291076694,"CvsMid"
"111","Montipora_capitata_PredGene_adi2mcaRNA3796_R3","GO:0007017",0.00416539165634825,0.999694230452586,3,43,"microtubule-based process","BP",1311,310,607,670,194,265,452,334,674,560,127,878,502.33038044213,-1.82535909691005,0.45870695784242,-3.97935777014553,6.91016856655339e-05,0.0163694215376576,"CvsHigh"
"114","Montipora_capitata_PredGene_adi2mcaRNA3796_R3","GO:0000278",0.00267547598803084,0.999718904604356,4,69,"mitotic cell cycle","BP",1311,310,607,670,194,265,452,334,674,560,127,878,502.33038044213,-1.77806972826932,0.425181026425203,-4.18191221564803,2.89067584750406e-05,0.00809420291076694,"CvsMid"
"115","Montipora_capitata_PredGene_adi2mcaRNA3796_R3","GO:0000278",0.00267547598803084,0.999718904604356,4,69,"mitotic cell cycle","BP",1311,310,607,670,194,265,452,334,674,560,127,878,502.33038044213,-1.82535909691005,0.45870695784242,-3.97935777014553,6.91016856655339e-05,0.0163694215376576,"CvsHigh"
"120","Montipora_capitata_PredGene_adi2mcaRNA39968_R0","GO:0031288",0.0303763748000608,0.999628721825112,1,5,"sorocarp morphogenesis","BP",2454,294,183,281,276,134,196,154,166,227,137,240,205.397008831419,-0.645858414810529,0.158063279378024,-4.08607500332759,4.38732006807505e-05,0.0111686762807594,"CvsMid"
"121","Montipora_capitata_PredGene_adi2mcaRNA39968_R0","GO:0031288",0.0303763748000608,0.999628721825112,1,5,"sorocarp morphogenesis","BP",2454,294,183,281,276,134,196,154,166,227,137,240,205.397008831419,-0.731399558416432,0.167590113572553,-4.36421661651178,1.27579112631709e-05,0.00473041161966616,"CvsHigh"
"126","Montipora_capitata_PredGene_adi2mcaRNA4923_R2","GO:2000623",0.00158076332315431,0.999974841024267,2,10,"negative regulation of nuclear-transcribed mRNA catabolic process, nonsense-mediated decay","BP",1809,8,647,76,103,325,693,544,299,546,18,867,461.938830677653,-4.46635203874297,0.527000218545759,-8.47504779232869,2.34983048780621e-17,5.72552982857469e-14,"CvsMid"
"127","Montipora_capitata_PredGene_adi2mcaRNA4923_R2","GO:2000623",0.00158076332315431,0.999974841024267,2,10,"negative regulation of nuclear-transcribed mRNA catabolic process, nonsense-mediated decay","BP",1809,8,647,76,103,325,693,544,299,546,18,867,461.938830677653,-4.72041191506315,0.567271002270047,-8.32126425671944,8.70299723536133e-17,2.47397201410538e-13,"CvsHigh"
"130","Montipora_capitata_PredGene_adi2mcaRNA4923_R2","GO:0031047",0.0327732255839168,0.997148837460469,2,36,"gene silencing by RNA","BP",1809,8,647,76,103,325,693,544,299,546,18,867,461.938830677653,-4.46635203874297,0.527000218545759,-8.47504779232869,2.34983048780621e-17,5.72552982857469e-14,"CvsMid"
"131","Montipora_capitata_PredGene_adi2mcaRNA4923_R2","GO:0031047",0.0327732255839168,0.997148837460469,2,36,"gene silencing by RNA","BP",1809,8,647,76,103,325,693,544,299,546,18,867,461.938830677653,-4.72041191506315,0.567271002270047,-8.32126425671944,8.70299723536133e-17,2.47397201410538e-13,"CvsHigh"
"132","Montipora_capitata_PredGene_adi2mcaRNA4923_R2","GO:0060213",0.00798387266782645,0.999686011624748,2,17,"positive regulation of nuclear-transcribed mRNA poly(A) tail shortening","BP",1809,8,647,76,103,325,693,544,299,546,18,867,461.938830677653,-4.46635203874297,0.527000218545759,-8.47504779232869,2.34983048780621e-17,5.72552982857469e-14,"CvsMid"
"133","Montipora_capitata_PredGene_adi2mcaRNA4923_R2","GO:0060213",0.00798387266782645,0.999686011624748,2,17,"positive regulation of nuclear-transcribed mRNA poly(A) tail shortening","BP",1809,8,647,76,103,325,693,544,299,546,18,867,461.938830677653,-4.72041191506315,0.567271002270047,-8.32126425671944,8.70299723536133e-17,2.47397201410538e-13,"CvsHigh"
"134","Montipora_capitata_PredGene_adi2mcaRNA4923_R2","GO:0045070",0.0196933889190201,0.998712868119033,2,27,"positive regulation of viral genome replication","BP",1809,8,647,76,103,325,693,544,299,546,18,867,461.938830677653,-4.46635203874297,0.527000218545759,-8.47504779232869,2.34983048780621e-17,5.72552982857469e-14,"CvsMid"
"135","Montipora_capitata_PredGene_adi2mcaRNA4923_R2","GO:0045070",0.0196933889190201,0.998712868119033,2,27,"positive regulation of viral genome replication","BP",1809,8,647,76,103,325,693,544,299,546,18,867,461.938830677653,-4.72041191506315,0.567271002270047,-8.32126425671944,8.70299723536133e-17,2.47397201410538e-13,"CvsHigh"
"144","Montipora_capitata_PredGene_adi2mcaRNA4923_R2","GO:1900153",0.00912070206540757,0.99961352650069,2,18,"positive regulation of nuclear-transcribed mRNA catabolic process, deadenylation-dependent decay","BP",1809,8,647,76,103,325,693,544,299,546,18,867,461.938830677653,-4.46635203874297,0.527000218545759,-8.47504779232869,2.34983048780621e-17,5.72552982857469e-14,"CvsMid"
"145","Montipora_capitata_PredGene_adi2mcaRNA4923_R2","GO:1900153",0.00912070206540757,0.99961352650069,2,18,"positive regulation of nuclear-transcribed mRNA catabolic process, deadenylation-dependent decay","BP",1809,8,647,76,103,325,693,544,299,546,18,867,461.938830677653,-4.72041191506315,0.567271002270047,-8.32126425671944,8.70299723536133e-17,2.47397201410538e-13,"CvsHigh"
"146","Montipora_capitata_PredGene_adi2mcaRNA5341_R0","GO:0048484",0.00225554035022543,0.999868241467958,3,35,"enteric nervous system development","BP",2532,11,61,22,24,21,50,35,34,27,9,79,38.6204870728771,-2.43934153989234,0.416075308061436,-5.8627404525821,4.55289601432318e-09,4.08706286422611e-06,"CvsMid"
"147","Montipora_capitata_PredGene_adi2mcaRNA5341_R0","GO:0048484",0.00225554035022543,0.999868241467958,3,35,"enteric nervous system development","BP",2532,11,61,22,24,21,50,35,34,27,9,79,38.6204870728771,-2.5327333068623,0.439802168352778,-5.75880131821161,8.4713340175773e-09,8.02705961132214e-06,"CvsHigh"
"148","Montipora_capitata_PredGene_adi2mcaRNA5341_R0","GO:0001838",0.0176119690613538,0.998910567079917,2,29,"embryonic epithelial tube formation","BP",2532,11,61,22,24,21,50,35,34,27,9,79,38.6204870728771,-2.43934153989234,0.416075308061436,-5.8627404525821,4.55289601432318e-09,4.08706286422611e-06,"CvsMid"
"149","Montipora_capitata_PredGene_adi2mcaRNA5341_R0","GO:0001838",0.0176119690613538,0.998910567079917,2,29,"embryonic epithelial tube formation","BP",2532,11,61,22,24,21,50,35,34,27,9,79,38.6204870728771,-2.5327333068623,0.439802168352778,-5.75880131821161,8.4713340175773e-09,8.02705961132214e-06,"CvsHigh"
"152","Montipora_capitata_PredGene_adi2mcaRNA5341_R0","GO:0014042",0.01333354908677,0.99929187114631,2,26,"positive regulation of neuron maturation","BP",2532,11,61,22,24,21,50,35,34,27,9,79,38.6204870728771,-2.43934153989234,0.416075308061436,-5.8627404525821,4.55289601432318e-09,4.08706286422611e-06,"CvsMid"
"153","Montipora_capitata_PredGene_adi2mcaRNA5341_R0","GO:0014042",0.01333354908677,0.99929187114631,2,26,"positive regulation of neuron maturation","BP",2532,11,61,22,24,21,50,35,34,27,9,79,38.6204870728771,-2.5327333068623,0.439802168352778,-5.75880131821161,8.4713340175773e-09,8.02705961132214e-06,"CvsHigh"
"154","Montipora_capitata_PredGene_adi2mcaRNA5341_R0","GO:0033141",0.0124684457321577,0.999362214834493,2,25,"positive regulation of peptidyl-serine phosphorylation of STAT protein","BP",2532,11,61,22,24,21,50,35,34,27,9,79,38.6204870728771,-2.43934153989234,0.416075308061436,-5.8627404525821,4.55289601432318e-09,4.08706286422611e-06,"CvsMid"
"155","Montipora_capitata_PredGene_adi2mcaRNA5341_R0","GO:0033141",0.0124684457321577,0.999362214834493,2,25,"positive regulation of peptidyl-serine phosphorylation of STAT protein","BP",2532,11,61,22,24,21,50,35,34,27,9,79,38.6204870728771,-2.5327333068623,0.439802168352778,-5.75880131821161,8.4713340175773e-09,8.02705961132214e-06,"CvsHigh"
"156","Montipora_capitata_PredGene_adi2mcaRNA5341_R0","GO:0060041",0.0130330090444147,0.998532067704477,3,63,"retina development in camera-type eye","BP",2532,11,61,22,24,21,50,35,34,27,9,79,38.6204870728771,-2.43934153989234,0.416075308061436,-5.8627404525821,4.55289601432318e-09,4.08706286422611e-06,"CvsMid"
"157","Montipora_capitata_PredGene_adi2mcaRNA5341_R0","GO:0060041",0.0130330090444147,0.998532067704477,3,63,"retina development in camera-type eye","BP",2532,11,61,22,24,21,50,35,34,27,9,79,38.6204870728771,-2.5327333068623,0.439802168352778,-5.75880131821161,8.4713340175773e-09,8.02705961132214e-06,"CvsHigh"
"158","Montipora_capitata_PredGene_adi2mcaRNA5341_R0","GO:0060384",0.0263794851492545,0.997957216575499,2,36,"innervation","BP",2532,11,61,22,24,21,50,35,34,27,9,79,38.6204870728771,-2.43934153989234,0.416075308061436,-5.8627404525821,4.55289601432318e-09,4.08706286422611e-06,"CvsMid"
"159","Montipora_capitata_PredGene_adi2mcaRNA5341_R0","GO:0060384",0.0263794851492545,0.997957216575499,2,36,"innervation","BP",2532,11,61,22,24,21,50,35,34,27,9,79,38.6204870728771,-2.5327333068623,0.439802168352778,-5.75880131821161,8.4713340175773e-09,8.02705961132214e-06,"CvsHigh"
"160","Montipora_capitata_PredGene_adi2mcaRNA5341_R0","GO:0007158",0.025942074749757,0.99801132764956,2,35,"neuron cell-cell adhesion","BP",2532,11,61,22,24,21,50,35,34,27,9,79,38.6204870728771,-2.43934153989234,0.416075308061436,-5.8627404525821,4.55289601432318e-09,4.08706286422611e-06,"CvsMid"
"161","Montipora_capitata_PredGene_adi2mcaRNA5341_R0","GO:0007158",0.025942074749757,0.99801132764956,2,35,"neuron cell-cell adhesion","BP",2532,11,61,22,24,21,50,35,34,27,9,79,38.6204870728771,-2.5327333068623,0.439802168352778,-5.75880131821161,8.4713340175773e-09,8.02705961132214e-06,"CvsHigh"
"162","Montipora_capitata_PredGene_adi2mcaRNA5341_R0","GO:0033630",0.022063510299132,0.998454667331665,2,32,"positive regulation of cell adhesion mediated by integrin","BP",2532,11,61,22,24,21,50,35,34,27,9,79,38.6204870728771,-2.43934153989234,0.416075308061436,-5.8627404525821,4.55289601432318e-09,4.08706286422611e-06,"CvsMid"
"163","Montipora_capitata_PredGene_adi2mcaRNA5341_R0","GO:0033630",0.022063510299132,0.998454667331665,2,32,"positive regulation of cell adhesion mediated by integrin","BP",2532,11,61,22,24,21,50,35,34,27,9,79,38.6204870728771,-2.5327333068623,0.439802168352778,-5.75880131821161,8.4713340175773e-09,8.02705961132214e-06,"CvsHigh"
"164","Montipora_capitata_PredGene_adi2mcaRNA5341_R0","GO:0045793",0.0391143001846426,0.996230665917546,2,43,"positive regulation of cell size","BP",2532,11,61,22,24,21,50,35,34,27,9,79,38.6204870728771,-2.43934153989234,0.416075308061436,-5.8627404525821,4.55289601432318e-09,4.08706286422611e-06,"CvsMid"
"165","Montipora_capitata_PredGene_adi2mcaRNA5341_R0","GO:0045793",0.0391143001846426,0.996230665917546,2,43,"positive regulation of cell size","BP",2532,11,61,22,24,21,50,35,34,27,9,79,38.6204870728771,-2.5327333068623,0.439802168352778,-5.75880131821161,8.4713340175773e-09,8.02705961132214e-06,"CvsHigh"
"166","Montipora_capitata_PredGene_adi2mcaRNA5341_R0","GO:0072300",0.0124684457325717,0.999362214834461,2,25,"positive regulation of metanephric glomerulus development","BP",2532,11,61,22,24,21,50,35,34,27,9,79,38.6204870728771,-2.43934153989234,0.416075308061436,-5.8627404525821,4.55289601432318e-09,4.08706286422611e-06,"CvsMid"
"167","Montipora_capitata_PredGene_adi2mcaRNA5341_R0","GO:0072300",0.0124684457325717,0.999362214834461,2,25,"positive regulation of metanephric glomerulus development","BP",2532,11,61,22,24,21,50,35,34,27,9,79,38.6204870728771,-2.5327333068623,0.439802168352778,-5.75880131821161,8.4713340175773e-09,8.02705961132214e-06,"CvsHigh"
"168","Montipora_capitata_PredGene_adi2mcaRNA5341_R0","GO:0048265",0.0167112045116527,0.998996424710259,2,28,"response to pain","BP",2532,11,61,22,24,21,50,35,34,27,9,79,38.6204870728771,-2.43934153989234,0.416075308061436,-5.8627404525821,4.55289601432318e-09,4.08706286422611e-06,"CvsMid"
"169","Montipora_capitata_PredGene_adi2mcaRNA5341_R0","GO:0048265",0.0167112045116527,0.998996424710259,2,28,"response to pain","BP",2532,11,61,22,24,21,50,35,34,27,9,79,38.6204870728771,-2.5327333068623,0.439802168352778,-5.75880131821161,8.4713340175773e-09,8.02705961132214e-06,"CvsHigh"
"170","Montipora_capitata_PredGene_adi2mcaRNA5341_R0","GO:0071300",0.0125194964914804,0.998613545609048,3,59,"cellular response to retinoic acid","BP",2532,11,61,22,24,21,50,35,34,27,9,79,38.6204870728771,-2.43934153989234,0.416075308061436,-5.8627404525821,4.55289601432318e-09,4.08706286422611e-06,"CvsMid"
"171","Montipora_capitata_PredGene_adi2mcaRNA5341_R0","GO:0071300",0.0125194964914804,0.998613545609048,3,59,"cellular response to retinoic acid","BP",2532,11,61,22,24,21,50,35,34,27,9,79,38.6204870728771,-2.5327333068623,0.439802168352778,-5.75880131821161,8.4713340175773e-09,8.02705961132214e-06,"CvsHigh"
"172","Montipora_capitata_PredGene_adi2mcaRNA5341_R0","GO:0007497",0.0109122801506261,0.999482235579432,2,23,"posterior midgut development","BP",2532,11,61,22,24,21,50,35,34,27,9,79,38.6204870728771,-2.43934153989234,0.416075308061436,-5.8627404525821,4.55289601432318e-09,4.08706286422611e-06,"CvsMid"
"173","Montipora_capitata_PredGene_adi2mcaRNA5341_R0","GO:0007497",0.0109122801506261,0.999482235579432,2,23,"posterior midgut development","BP",2532,11,61,22,24,21,50,35,34,27,9,79,38.6204870728771,-2.5327333068623,0.439802168352778,-5.75880131821161,8.4713340175773e-09,8.02705961132214e-06,"CvsHigh"
"176","Montipora_capitata_PredGene_adi2mcaRNA5341_R0","GO:0006919",0.022168673092175,0.996947454106964,3,69,"activation of cysteine-type endopeptidase activity involved in apoptotic process","BP",2532,11,61,22,24,21,50,35,34,27,9,79,38.6204870728771,-2.43934153989234,0.416075308061436,-5.8627404525821,4.55289601432318e-09,4.08706286422611e-06,"CvsMid"
"177","Montipora_capitata_PredGene_adi2mcaRNA5341_R0","GO:0006919",0.022168673092175,0.996947454106964,3,69,"activation of cysteine-type endopeptidase activity involved in apoptotic process","BP",2532,11,61,22,24,21,50,35,34,27,9,79,38.6204870728771,-2.5327333068623,0.439802168352778,-5.75880131821161,8.4713340175773e-09,8.02705961132214e-06,"CvsHigh"
"178","Montipora_capitata_PredGene_adi2mcaRNA5341_R0","GO:2001241",0.0211708578578033,0.998549331924844,2,32,"positive regulation of extrinsic apoptotic signaling pathway in absence of ligand","BP",2532,11,61,22,24,21,50,35,34,27,9,79,38.6204870728771,-2.43934153989234,0.416075308061436,-5.8627404525821,4.55289601432318e-09,4.08706286422611e-06,"CvsMid"
"179","Montipora_capitata_PredGene_adi2mcaRNA5341_R0","GO:2001241",0.0211708578578033,0.998549331924844,2,32,"positive regulation of extrinsic apoptotic signaling pathway in absence of ligand","BP",2532,11,61,22,24,21,50,35,34,27,9,79,38.6204870728771,-2.5327333068623,0.439802168352778,-5.75880131821161,8.4713340175773e-09,8.02705961132214e-06,"CvsHigh"
"180","Montipora_capitata_PredGene_adi2mcaRNA5341_R0","GO:0035799",0.0136994948186029,0.99926204185012,2,26,"ureter maturation","BP",2532,11,61,22,24,21,50,35,34,27,9,79,38.6204870728771,-2.43934153989234,0.416075308061436,-5.8627404525821,4.55289601432318e-09,4.08706286422611e-06,"CvsMid"
"181","Montipora_capitata_PredGene_adi2mcaRNA5341_R0","GO:0035799",0.0136994948186029,0.99926204185012,2,26,"ureter maturation","BP",2532,11,61,22,24,21,50,35,34,27,9,79,38.6204870728771,-2.5327333068623,0.439802168352778,-5.75880131821161,8.4713340175773e-09,8.02705961132214e-06,"CvsHigh"
"182","Montipora_capitata_PredGene_adi2mcaRNA5341_R0","GO:0061146",0.0160469959812545,0.999058620267825,2,27,"Peyer's patch morphogenesis","BP",2532,11,61,22,24,21,50,35,34,27,9,79,38.6204870728771,-2.43934153989234,0.416075308061436,-5.8627404525821,4.55289601432318e-09,4.08706286422611e-06,"CvsMid"
"183","Montipora_capitata_PredGene_adi2mcaRNA5341_R0","GO:0061146",0.0160469959812545,0.999058620267825,2,27,"Peyer's patch morphogenesis","BP",2532,11,61,22,24,21,50,35,34,27,9,79,38.6204870728771,-2.5327333068623,0.439802168352778,-5.75880131821161,8.4713340175773e-09,8.02705961132214e-06,"CvsHigh"
"184","Montipora_capitata_PredGene_adi2mcaRNA5341_R0","GO:0010976",0.0460009637120239,0.991524592146002,3,111,"positive regulation of neuron projection development","BP",2532,11,61,22,24,21,50,35,34,27,9,79,38.6204870728771,-2.43934153989234,0.416075308061436,-5.8627404525821,4.55289601432318e-09,4.08706286422611e-06,"CvsMid"
"185","Montipora_capitata_PredGene_adi2mcaRNA5341_R0","GO:0010976",0.0460009637120239,0.991524592146002,3,111,"positive regulation of neuron projection development","BP",2532,11,61,22,24,21,50,35,34,27,9,79,38.6204870728771,-2.5327333068623,0.439802168352778,-5.75880131821161,8.4713340175773e-09,8.02705961132214e-06,"CvsHigh"
"186","Montipora_capitata_PredGene_adi2mcaRNA5341_R0","GO:0035860",0.0160609897672819,0.99905541588238,2,28,"glial cell-derived neurotrophic factor receptor signaling pathway","BP",2532,11,61,22,24,21,50,35,34,27,9,79,38.6204870728771,-2.43934153989234,0.416075308061436,-5.8627404525821,4.55289601432318e-09,4.08706286422611e-06,"CvsMid"
"187","Montipora_capitata_PredGene_adi2mcaRNA5341_R0","GO:0035860",0.0160609897672819,0.99905541588238,2,28,"glial cell-derived neurotrophic factor receptor signaling pathway","BP",2532,11,61,22,24,21,50,35,34,27,9,79,38.6204870728771,-2.5327333068623,0.439802168352778,-5.75880131821161,8.4713340175773e-09,8.02705961132214e-06,"CvsHigh"
"190","Montipora_capitata_PredGene_adi2mcaRNA5341_R0","GO:0001657",0.0375386544048725,0.996462223656875,2,43,"ureteric bud development","BP",2532,11,61,22,24,21,50,35,34,27,9,79,38.6204870728771,-2.43934153989234,0.416075308061436,-5.8627404525821,4.55289601432318e-09,4.08706286422611e-06,"CvsMid"
"191","Montipora_capitata_PredGene_adi2mcaRNA5341_R0","GO:0001657",0.0375386544048725,0.996462223656875,2,43,"ureteric bud development","BP",2532,11,61,22,24,21,50,35,34,27,9,79,38.6204870728771,-2.5327333068623,0.439802168352778,-5.75880131821161,8.4713340175773e-09,8.02705961132214e-06,"CvsHigh"
"194","Montipora_capitata_PredGene_adi2mcaRNA5341_R0","GO:0033619",0.025442736260282,0.9980697302272,2,35,"membrane protein proteolysis","BP",2532,11,61,22,24,21,50,35,34,27,9,79,38.6204870728771,-2.43934153989234,0.416075308061436,-5.8627404525821,4.55289601432318e-09,4.08706286422611e-06,"CvsMid"
"195","Montipora_capitata_PredGene_adi2mcaRNA5341_R0","GO:0033619",0.025442736260282,0.9980697302272,2,35,"membrane protein proteolysis","BP",2532,11,61,22,24,21,50,35,34,27,9,79,38.6204870728771,-2.5327333068623,0.439802168352778,-5.75880131821161,8.4713340175773e-09,8.02705961132214e-06,"CvsHigh"
"196","Montipora_capitata_PredGene_adi2mcaRNA6000_R0","GO:0071470",0.0355416094109679,0.999469629272554,1,6,"cellular response to osmotic stress","BP",2207,31,36,36,40,21,60,21,17,34,24,41,33.7457387745034,-1.35121144452947,0.347818578864434,-3.8848167597629,0.000102407096562668,0.0215636473947268,"CvsHigh"
"197","Montipora_capitata_PredGene_adi2mcaRNA6000_R0","GO:0009787",0.01256784202425,0.999960516069718,1,2,"regulation of abscisic acid-activated signaling pathway","BP",2207,31,36,36,40,21,60,21,17,34,24,41,33.7457387745034,-1.35121144452947,0.347818578864434,-3.8848167597629,0.000102407096562668,0.0215636473947268,"CvsHigh"
"198","Montipora_capitata_PredGene_adi2mcaRNA6174_R8","GO:0032218",0.0103581744363949,0.999528766317433,2,19,"riboflavin transport","BP",1623,43,37,36,29,24,34,30,31,46,20,32,34.6054495269257,-1.18945257083238,0.292990266525784,-4.05969995159448,4.91358156876931e-05,0.0119722924624185,"CvsMid"
"201","Montipora_capitata_PredGene_adi2mcaRNA8620_R1","GO:0000226",0.0019051079524697,0.999818209402766,4,64,"microtubule cytoskeleton organization","BP",447,19,81,34,18,55,73,56,54,89,11,149,67.9994533756123,-2.84693431061734,0.325759878880479,-8.73936446808995,2.34425432924349e-18,7.9967203679154e-15,"CvsMid"
"202","Montipora_capitata_PredGene_adi2mcaRNA8620_R1","GO:0000226",0.0019051079524697,0.999818209402766,4,64,"microtubule cytoskeleton organization","BP",447,19,81,34,18,55,73,56,54,89,11,149,67.9994533756123,-3.19187191060478,0.341057578409987,-9.35874794363261,8.0687139863881e-21,6.88099928759177e-17,"CvsHigh"
"204","Montipora_capitata_PredGene_adi2mcaRNA9177_R0","GO:0055114",0.0274487687933063,0.989392198294086,9,525,"oxidation-reduction process","BP",3549,678,107,407,784,61,154,123,145,121,391,212,230.139824834375,1.1125834418097,0.267919859832617,4.15267252866134,3.28614829256142e-05,0.00904008794805284,"CvsMid"
"207","Montipora_capitata_PredGene_g10736","GO:0000082",0.0499739524502791,0.994509225893654,2,40,"G1/S transition of mitotic cell cycle","BP",921,710,210,618,705,169,181,220,186,240,651,239,325.178682717043,0.78607923832816,0.214653250785069,3.66208867302576,0.000250167230653436,0.0398771241684581,"CvsHigh"
"210","Montipora_capitata_PredGene_g12169","GO:0007157",0.00509314518540698,0.999843318024555,2,15,"heterophilic cell-cell adhesion via plasma membrane cell adhesion molecules","BP",2115,19,48,24,36,26,31,31,45,36,20,53,37.1305150601787,-1.54997666069958,0.321551385617445,-4.82030782645613,1.43336875077624e-06,0.000719045218036458,"CvsHigh"
"211","Montipora_capitata_PredGene_g12169","GO:0007157",0.00509314518540698,0.999843318024555,2,15,"heterophilic cell-cell adhesion via plasma membrane cell adhesion molecules","BP",2115,19,48,24,36,26,31,31,45,36,20,53,37.1305150601787,-1.84217616972498,0.301260288545527,-6.11489877613452,9.66182722485354e-10,1.09861416764735e-06,"CvsMid"
"212","Montipora_capitata_PredGene_g12169","GO:0090557",0.0297064019300604,0.99964501665021,1,5,"establishment of endothelial intestinal barrier","BP",2115,19,48,24,36,26,31,31,45,36,20,53,37.1305150601787,-1.54997666069958,0.321551385617445,-4.82030782645613,1.43336875077624e-06,0.000719045218036458,"CvsHigh"
"213","Montipora_capitata_PredGene_g12169","GO:0090557",0.0297064019300604,0.99964501665021,1,5,"establishment of endothelial intestinal barrier","BP",2115,19,48,24,36,26,31,31,45,36,20,53,37.1305150601787,-1.84217616972498,0.301260288545527,-6.11489877613452,9.66182722485354e-10,1.09861416764735e-06,"CvsMid"
"216","Montipora_capitata_PredGene_g12169","GO:0099545",0.0180583374518551,0.999891115842698,1,3,"trans-synaptic signaling by trans-synaptic complex","BP",2115,19,48,24,36,26,31,31,45,36,20,53,37.1305150601787,-1.54997666069958,0.321551385617445,-4.82030782645613,1.43336875077624e-06,0.000719045218036458,"CvsHigh"
"217","Montipora_capitata_PredGene_g12169","GO:0099545",0.0180583374518551,0.999891115842698,1,3,"trans-synaptic signaling by trans-synaptic complex","BP",2115,19,48,24,36,26,31,31,45,36,20,53,37.1305150601787,-1.84217616972498,0.301260288545527,-6.11489877613452,9.66182722485354e-10,1.09861416764735e-06,"CvsMid"
"218","Montipora_capitata_PredGene_g12169","GO:0097105",0.0359588598768006,0.999457012378629,1,6,"presynaptic membrane assembly","BP",2115,19,48,24,36,26,31,31,45,36,20,53,37.1305150601787,-1.54997666069958,0.321551385617445,-4.82030782645613,1.43336875077624e-06,0.000719045218036458,"CvsHigh"
"219","Montipora_capitata_PredGene_g12169","GO:0097105",0.0359588598768006,0.999457012378629,1,6,"presynaptic membrane assembly","BP",2115,19,48,24,36,26,31,31,45,36,20,53,37.1305150601787,-1.84217616972498,0.301260288545527,-6.11489877613452,9.66182722485354e-10,1.09861416764735e-06,"CvsMid"
"220","Montipora_capitata_PredGene_g12169","GO:0061000",0.032342428268936,0.999578765189681,1,5,"negative regulation of dendritic spine development","BP",2115,19,48,24,36,26,31,31,45,36,20,53,37.1305150601787,-1.54997666069958,0.321551385617445,-4.82030782645613,1.43336875077624e-06,0.000719045218036458,"CvsHigh"
"221","Montipora_capitata_PredGene_g12169","GO:0061000",0.032342428268936,0.999578765189681,1,5,"negative regulation of dendritic spine development","BP",2115,19,48,24,36,26,31,31,45,36,20,53,37.1305150601787,-1.84217616972498,0.301260288545527,-6.11489877613452,9.66182722485354e-10,1.09861416764735e-06,"CvsMid"
"222","Montipora_capitata_PredGene_g12169","GO:0048671",0.0245790404322831,0.999772555090795,1,4,"negative regulation of collateral sprouting","BP",2115,19,48,24,36,26,31,31,45,36,20,53,37.1305150601787,-1.54997666069958,0.321551385617445,-4.82030782645613,1.43336875077624e-06,0.000719045218036458,"CvsHigh"
"223","Montipora_capitata_PredGene_g12169","GO:0048671",0.0245790404322831,0.999772555090795,1,4,"negative regulation of collateral sprouting","BP",2115,19,48,24,36,26,31,31,45,36,20,53,37.1305150601787,-1.84217616972498,0.301260288545527,-6.11489877613452,9.66182722485354e-10,1.09861416764735e-06,"CvsMid"
"226","Montipora_capitata_PredGene_g12169","GO:0099560",0.0369631956105537,0.999426025907785,1,6,"synaptic membrane adhesion","BP",2115,19,48,24,36,26,31,31,45,36,20,53,37.1305150601787,-1.54997666069958,0.321551385617445,-4.82030782645613,1.43336875077624e-06,0.000719045218036458,"CvsHigh"
"227","Montipora_capitata_PredGene_g12169","GO:0099560",0.0369631956105537,0.999426025907785,1,6,"synaptic membrane adhesion","BP",2115,19,48,24,36,26,31,31,45,36,20,53,37.1305150601787,-1.84217616972498,0.301260288545527,-6.11489877613452,9.66182722485354e-10,1.09861416764735e-06,"CvsMid"
"228","Montipora_capitata_PredGene_g12169","GO:0099151",0.0424742164865814,0.999240430608347,1,6,"regulation of postsynaptic density assembly","BP",2115,19,48,24,36,26,31,31,45,36,20,53,37.1305150601787,-1.54997666069958,0.321551385617445,-4.82030782645613,1.43336875077624e-06,0.000719045218036458,"CvsHigh"
"229","Montipora_capitata_PredGene_g12169","GO:0099151",0.0424742164865814,0.999240430608347,1,6,"regulation of postsynaptic density assembly","BP",2115,19,48,24,36,26,31,31,45,36,20,53,37.1305150601787,-1.84217616972498,0.301260288545527,-6.11489877613452,9.66182722485354e-10,1.09861416764735e-06,"CvsMid"
"232","Montipora_capitata_PredGene_g12169","GO:0048681",0.0301245050387624,0.999634891129726,1,5,"negative regulation of axon regeneration","BP",2115,19,48,24,36,26,31,31,45,36,20,53,37.1305150601787,-1.54997666069958,0.321551385617445,-4.82030782645613,1.43336875077624e-06,0.000719045218036458,"CvsHigh"
"233","Montipora_capitata_PredGene_g12169","GO:0048681",0.0301245050387624,0.999634891129726,1,5,"negative regulation of axon regeneration","BP",2115,19,48,24,36,26,31,31,45,36,20,53,37.1305150601787,-1.84217616972498,0.301260288545527,-6.11489877613452,9.66182722485354e-10,1.09861416764735e-06,"CvsMid"
"240","Montipora_capitata_PredGene_g15708","GO:0042776",0.00456643414275632,0.999877644301783,2,9,"mitochondrial ATP synthesis coupled proton transport","BP",732,1937,507,1754,2159,446,618,592,407,622,1435,616,858.18051207082,0.638201279159489,0.175645221136825,3.63346793626875,0.000279637211209117,0.0449952101356858,"CvsMid"
"241","Montipora_capitata_PredGene_g15708","GO:0042776",0.00456643414275632,0.999877644301783,2,9,"mitochondrial ATP synthesis coupled proton transport","BP",732,1937,507,1754,2159,446,618,592,407,622,1435,616,858.18051207082,0.689084152666435,0.189258046279614,3.64097678387934,0.000271605630052586,0.0421136875106991,"CvsHigh"
"246","Montipora_capitata_PredGene_g15708","GO:0015986",0.00086322062238722,0.999967012785977,3,15,"ATP synthesis coupled proton transport","BP",732,1937,507,1754,2159,446,618,592,407,622,1435,616,858.18051207082,0.638201279159489,0.175645221136825,3.63346793626875,0.000279637211209117,0.0449952101356858,"CvsMid"
"247","Montipora_capitata_PredGene_g15708","GO:0015986",0.00086322062238722,0.999967012785977,3,15,"ATP synthesis coupled proton transport","BP",732,1937,507,1754,2159,446,618,592,407,622,1435,616,858.18051207082,0.689084152666435,0.189258046279614,3.64097678387934,0.000271605630052586,0.0421136875106991,"CvsHigh"
"248","Montipora_capitata_PredGene_g17706","GO:0000082",0.0499739524502791,0.994509225893654,2,40,"G1/S transition of mitotic cell cycle","BP",468,433,112,441,521,92,156,141,99,148,352,164,204.8838506533,0.723567900052907,0.18799956696469,3.8487742910004,0.000118710323623853,0.0220078617361787,"CvsMid"
"250","Montipora_capitata_PredGene_g17706","GO:0006352",0.000769256564785183,0.999970968858329,3,18,"DNA-templated transcription, initiation","BP",468,433,112,441,521,92,156,141,99,148,352,164,204.8838506533,0.723567900052907,0.18799956696469,3.8487742910004,0.000118710323623853,0.0220078617361787,"CvsMid"
"251","Montipora_capitata_PredGene_g1833","GO:0000278",0.00267547598803084,0.999718904604356,4,69,"mitotic cell cycle","BP",444,1466,350,1290,1704,289,439,440,304,560,1193,527,657.483955752354,0.782209209872089,0.189391297005482,4.1301222508099,3.62570382694813e-05,0.00966250069881677,"CvsMid"
"252","Montipora_capitata_PredGene_g1833","GO:0097039",0.0343624621992049,0.999553589134618,1,4,"protein linear polyubiquitination","BP",444,1466,350,1290,1704,289,439,440,304,560,1193,527,657.483955752354,0.782209209872089,0.189391297005482,4.1301222508099,3.62570382694813e-05,0.00966250069881677,"CvsMid"
"253","Montipora_capitata_PredGene_g1833","GO:0045676",0.0285201693658316,0.999727114473417,1,3,"regulation of R7 cell differentiation","BP",444,1466,350,1290,1704,289,439,440,304,560,1193,527,657.483955752354,0.782209209872089,0.189391297005482,4.1301222508099,3.62570382694813e-05,0.00966250069881677,"CvsMid"
"254","Montipora_capitata_PredGene_g18729","GO:0006406",0.0260065303493882,0.998038416886247,2,25,"mRNA export from nucleus","BP",756,506,108,492,436,88,131,113,115,148,348,158,200.807808281383,0.75802023654885,0.17915126329971,4.23117438631021,2.3247434487573e-05,0.00774194866028931,"CvsHigh"
"255","Montipora_capitata_PredGene_g18729","GO:0006406",0.0260065303493882,0.998038416886247,2,25,"mRNA export from nucleus","BP",756,506,108,492,436,88,131,113,115,148,348,158,200.807808281383,0.825603794562912,0.16887616357007,4.88881187912794,1.01446380111673e-06,0.00048063040532908,"CvsMid"
"256","Montipora_capitata_PredGene_g18729","GO:0031326",0.0326429693392777,0.997151925816343,2,41,"regulation of cellular biosynthetic process","BP",756,506,108,492,436,88,131,113,115,148,348,158,200.807808281383,0.75802023654885,0.17915126329971,4.23117438631021,2.3247434487573e-05,0.00774194866028931,"CvsHigh"
"257","Montipora_capitata_PredGene_g18729","GO:0031326",0.0326429693392777,0.997151925816343,2,41,"regulation of cellular biosynthetic process","BP",756,506,108,492,436,88,131,113,115,148,348,158,200.807808281383,0.825603794562912,0.16887616357007,4.88881187912794,1.01446380111673e-06,0.00048063040532908,"CvsMid"
"259","Montipora_capitata_PredGene_g22334","GO:0015986",0.00086322062238722,0.999967012785977,3,15,"ATP synthesis coupled proton transport","BP",312,1177,274,772,1057,203,310,237,260,340,584,353,427.877792455207,0.608923379644816,0.152648307806304,3.98906079206251,6.6335421175011e-05,0.0146937265397531,"CvsMid"
"261","Montipora_capitata_PredGene_g22334","GO:1900139",0.0181731754791667,1,1,1,"negative regulation of arachidonic acid secretion","BP",312,1177,274,772,1057,203,310,237,260,340,584,353,427.877792455207,0.608923379644816,0.152648307806304,3.98906079206251,6.6335421175011e-05,0.0146937265397531,"CvsMid"
"263","Montipora_capitata_PredGene_g22334","GO:0032307",0.0240772936362741,0.99985423117729,1,2,"negative regulation of prostaglandin secretion","BP",312,1177,274,772,1057,203,310,237,260,340,584,353,427.877792455207,0.608923379644816,0.152648307806304,3.98906079206251,6.6335421175011e-05,0.0146937265397531,"CvsMid"
"264","Montipora_capitata_PredGene_g23101","GO:1904428",0.00601270019697371,1,1,1,"negative regulation of tubulin deacetylation","BP",8804,416,371,514,498,228,330,216,292,345,285,398,348.794719459608,-0.622286474267289,0.163446136510539,-3.80728775578714,0.000140499230457704,0.024962029944652,"CvsMid"
"265","Montipora_capitata_PredGene_g23101","GO:0035316",0.00601270019697371,1,1,1,"non-sensory hair organization","BP",8804,416,371,514,498,228,330,216,292,345,285,398,348.794719459608,-0.622286474267289,0.163446136510539,-3.80728775578714,0.000140499230457704,0.024962029944652,"CvsMid"
"268","Montipora_capitata_PredGene_g23310","GO:0055114",0.0274487687933063,0.989392198294086,9,525,"oxidation-reduction process","BP",624,1751,471,1496,1906,325,531,477,413,437,901,498,702.883996721443,0.723467223105343,0.174427221303114,4.14767384184906,3.35870420784495e-05,0.00975865908591308,"CvsHigh"
"270","Montipora_capitata_PredGene_g23310","GO:0032981",0.0481864745264304,0.994891982251907,2,28,"mitochondrial respiratory chain complex I assembly","BP",624,1751,471,1496,1906,325,531,477,413,437,901,498,702.883996721443,0.723467223105343,0.174427221303114,4.14767384184906,3.35870420784495e-05,0.00975865908591308,"CvsHigh"
"271","Montipora_capitata_PredGene_g24972","GO:0009252",0.0137988916570443,0.999952372358159,1,2,"peptidoglycan biosynthetic process","BP",1086,2421,256,626,1747,233,182,553,409,242,683,123,542.484538474045,1.95799297339565,0.457387958841252,4.28081442798809,1.86210588125437e-05,0.0064816485531989,"CvsHigh"
"273","Montipora_capitata_PredGene_g24972","GO:0071555",0.0197291486141842,0.999869936655223,1,3,"cell wall organization","BP",1086,2421,256,626,1747,233,182,553,409,242,683,123,542.484538474045,1.95799297339565,0.457387958841252,4.28081442798809,1.86210588125437e-05,0.0064816485531989,"CvsHigh"
"276","Montipora_capitata_PredGene_g25159","GO:0000278",0.00267547598803084,0.999718904604356,4,69,"mitotic cell cycle","BP",1359,125,420,213,145,232,338,225,263,336,11,466,289.651168101481,-2.58694440135161,0.527880833177897,-4.90062195624331,9.55337317921335e-07,0.000543141109815543,"CvsHigh"
"277","Montipora_capitata_PredGene_g25159","GO:0000278",0.00267547598803084,0.999718904604356,4,69,"mitotic cell cycle","BP",1359,125,420,213,145,232,338,225,263,336,11,466,289.651168101481,-2.54840900624289,0.489704487092952,-5.2039731581205,1.95072194839099e-07,0.000118826834113417,"CvsMid"
"280","Montipora_capitata_PredGene_g25159","GO:0007017",0.00416539165634825,0.999694230452586,3,43,"microtubule-based process","BP",1359,125,420,213,145,232,338,225,263,336,11,466,289.651168101481,-2.58694440135161,0.527880833177897,-4.90062195624331,9.55337317921335e-07,0.000543141109815543,"CvsHigh"
"281","Montipora_capitata_PredGene_g25159","GO:0007017",0.00416539165634825,0.999694230452586,3,43,"microtubule-based process","BP",1359,125,420,213,145,232,338,225,263,336,11,466,289.651168101481,-2.54840900624289,0.489704487092952,-5.2039731581205,1.95072194839099e-07,0.000118826834113417,"CvsMid"
"282","Montipora_capitata_PredGene_g25159","GO:0000226",0.0019051079524697,0.999818209402766,4,64,"microtubule cytoskeleton organization","BP",1359,125,420,213,145,232,338,225,263,336,11,466,289.651168101481,-2.58694440135161,0.527880833177897,-4.90062195624331,9.55337317921335e-07,0.000543141109815543,"CvsHigh"
"283","Montipora_capitata_PredGene_g25159","GO:0000226",0.0019051079524697,0.999818209402766,4,64,"microtubule cytoskeleton organization","BP",1359,125,420,213,145,232,338,225,263,336,11,466,289.651168101481,-2.54840900624289,0.489704487092952,-5.2039731581205,1.95072194839099e-07,0.000118826834113417,"CvsMid"
"286","Montipora_capitata_PredGene_g2532","GO:0006105",0.0306250589559556,0.999645983632938,1,4,"succinate metabolic process","BP",858,2061,744,1981,2930,506,665,682,564,820,1550,667,1020.89736428074,0.685400482557954,0.180008006382077,3.80761109649286,0.000140315708374889,0.0271957354777512,"CvsHigh"
"287","Montipora_capitata_PredGene_g2532","GO:0055114",0.0274487687933063,0.989392198294086,9,525,"oxidation-reduction process","BP",858,2061,744,1981,2930,506,665,682,564,820,1550,667,1020.89736428074,0.685400482557954,0.180008006382077,3.80761109649286,0.000140315708374889,0.0271957354777512,"CvsHigh"
"291","Montipora_capitata_PredGene_g2532","GO:0006099",0.0128059339646104,0.999341499306395,2,22,"tricarboxylic acid cycle","BP",858,2061,744,1981,2930,506,665,682,564,820,1550,667,1020.89736428074,0.685400482557954,0.180008006382077,3.80761109649286,0.000140315708374889,0.0271957354777512,"CvsHigh"
"293","Montipora_capitata_PredGene_g26572","GO:0006629",0.0442801878110127,0.989234457513185,4,152,"lipid metabolic process","BP",948,96,56,212,152,21,20,36,39,34,299,32,75.3653619017043,2.02226505711371,0.49968590268457,4.04707246341964,5.18621899122069e-05,0.0134024471385242,"CvsHigh"
"295","Montipora_capitata_PredGene_g26572","GO:0055114",0.0274487687933063,0.989392198294086,9,525,"oxidation-reduction process","BP",948,96,56,212,152,21,20,36,39,34,299,32,75.3653619017043,2.02226505711371,0.49968590268457,4.04707246341964,5.18621899122069e-05,0.0134024471385242,"CvsHigh"
"296","Montipora_capitata_PredGene_g26572","GO:1903966",0.0441083980178812,0.999212708694992,1,5,"monounsaturated fatty acid biosynthetic process","BP",948,96,56,212,152,21,20,36,39,34,299,32,75.3653619017043,2.02226505711371,0.49968590268457,4.04707246341964,5.18621899122069e-05,0.0134024471385242,"CvsHigh"
"298","Montipora_capitata_PredGene_g26775","GO:0031326",0.0326429693392777,0.997151925816343,2,41,"regulation of cellular biosynthetic process","BP",4671,24,29,13,25,11,32,21,38,29,9,27,25.5999612610378,-1.74308342251578,0.390618889485119,-4.46236336602504,8.10606155846567e-06,0.0028803538737748,"CvsMid"
"299","Montipora_capitata_PredGene_g26775","GO:0031326",0.0326429693392777,0.997151925816343,2,41,"regulation of cellular biosynthetic process","BP",4671,24,29,13,25,11,32,21,38,29,9,27,25.5999612610378,-1.64064856771734,0.413819262365339,-3.96465007051533,7.35036931217456e-05,0.0165202232253757,"CvsHigh"
"300","Montipora_capitata_PredGene_g26775","GO:0055114",0.0274487687933063,0.989392198294086,9,525,"oxidation-reduction process","BP",4671,24,29,13,25,11,32,21,38,29,9,27,25.5999612610378,-1.74308342251578,0.390618889485119,-4.46236336602504,8.10606155846567e-06,0.0028803538737748,"CvsMid"
"301","Montipora_capitata_PredGene_g26775","GO:0055114",0.0274487687933063,0.989392198294086,9,525,"oxidation-reduction process","BP",4671,24,29,13,25,11,32,21,38,29,9,27,25.5999612610378,-1.64064856771734,0.413819262365339,-3.96465007051533,7.35036931217456e-05,0.0165202232253757,"CvsHigh"
"304","Montipora_capitata_PredGene_g27065","GO:0007623",0.0431105066855545,0.99563109718341,2,40,"circadian rhythm","BP",837,8,14,9,7,12,11,6,13,15,0,12,11.0721378425775,-2.22099419879638,0.551912297914619,-4.02417957923446,5.71742787446175e-05,0.0133653026475754,"CvsMid"
"305","Montipora_capitata_PredGene_g27065","GO:0039695",0.0322543030319373,0.999607040049571,1,4,"DNA-templated viral transcription","BP",837,8,14,9,7,12,11,6,13,15,0,12,11.0721378425775,-2.22099419879638,0.551912297914619,-4.02417957923446,5.71742787446175e-05,0.0133653026475754,"CvsMid"
"307","Montipora_capitata_PredGene_g27065","GO:0050729",0.0340706444899841,0.996969893932082,2,37,"positive regulation of inflammatory response","BP",837,8,14,9,7,12,11,6,13,15,0,12,11.0721378425775,-2.22099419879638,0.551912297914619,-4.02417957923446,5.71742787446175e-05,0.0133653026475754,"CvsMid"
"310","Montipora_capitata_PredGene_g27065","GO:0070922",0.0438594847479715,0.999189624078032,1,6,"small RNA loading onto RISC","BP",837,8,14,9,7,12,11,6,13,15,0,12,11.0721378425775,-2.22099419879638,0.551912297914619,-4.02417957923446,5.71742787446175e-05,0.0133653026475754,"CvsMid"
"312","Montipora_capitata_PredGene_g27065","GO:0030423",0.0390061824320243,0.999385614582441,1,5,"targeting of mRNA for destruction involved in RNA interference","BP",837,8,14,9,7,12,11,6,13,15,0,12,11.0721378425775,-2.22099419879638,0.551912297914619,-4.02417957923446,5.71742787446175e-05,0.0133653026475754,"CvsMid"
"313","Montipora_capitata_PredGene_g27065","GO:0050691",0.0322543030319373,0.999607040049571,1,4,"regulation of defense response to virus by host","BP",837,8,14,9,7,12,11,6,13,15,0,12,11.0721378425775,-2.22099419879638,0.551912297914619,-4.02417957923446,5.71742787446175e-05,0.0133653026475754,"CvsMid"
"316","Montipora_capitata_PredGene_g27065","GO:1905698",0.0322543030319373,0.999607040049571,1,4,"positive regulation of polysome binding","BP",837,8,14,9,7,12,11,6,13,15,0,12,11.0721378425775,-2.22099419879638,0.551912297914619,-4.02417957923446,5.71742787446175e-05,0.0133653026475754,"CvsMid"
"318","Montipora_capitata_PredGene_g27065","GO:0032727",0.00242672424638462,0.999951118476647,2,11,"positive regulation of interferon-alpha production","BP",837,8,14,9,7,12,11,6,13,15,0,12,11.0721378425775,-2.22099419879638,0.551912297914619,-4.02417957923446,5.71742787446175e-05,0.0133653026475754,"CvsMid"
"319","Montipora_capitata_PredGene_g27065","GO:0032755",0.02679597868644,0.997918487717221,2,32,"positive regulation of interleukin-6 production","BP",837,8,14,9,7,12,11,6,13,15,0,12,11.0721378425775,-2.22099419879638,0.551912297914619,-4.02417957923446,5.71742787446175e-05,0.0133653026475754,"CvsMid"
"320","Montipora_capitata_PredGene_g27065","GO:0034605",0.0069829623519701,0.99938041827316,3,47,"cellular response to heat","BP",837,8,14,9,7,12,11,6,13,15,0,12,11.0721378425775,-2.22099419879638,0.551912297914619,-4.02417957923446,5.71742787446175e-05,0.0133653026475754,"CvsMid"
"322","Montipora_capitata_PredGene_g27065","GO:0032760",0.0226635128219492,0.998387526718288,2,33,"positive regulation of tumor necrosis factor production","BP",837,8,14,9,7,12,11,6,13,15,0,12,11.0721378425775,-2.22099419879638,0.551912297914619,-4.02417957923446,5.71742787446175e-05,0.0133653026475754,"CvsMid"
"323","Montipora_capitata_PredGene_g27090","GO:0035794",0.0166483733710619,0.999930570473698,1,2,"positive regulation of mitochondrial membrane permeability","BP",798,7434,1668,4670,8055,1330,1718,2066,1783,1773,5202,1502,2839.96325827888,1.05412424521548,0.23010257925504,4.5811057339219,4.62523910062135e-06,0.00192409946585848,"CvsHigh"
"324","Montipora_capitata_PredGene_g27090","GO:0010917",0.0356789002634801,0.999518457091935,1,4,"negative regulation of mitochondrial membrane potential","BP",798,7434,1668,4670,8055,1330,1718,2066,1783,1773,5202,1502,2839.96325827888,1.05412424521548,0.23010257925504,4.5811057339219,4.62523910062135e-06,0.00192409946585848,"CvsHigh"
"325","Montipora_capitata_PredGene_g27724","GO:0055114",0.0274487687933063,0.989392198294086,9,525,"oxidation-reduction process","BP",981,6170,1080,3966,4387,767,705,1159,1191,882,2047,668,1679.22618887576,1.53972851748428,0.251593800168767,6.11989848895897,9.36349880082303e-10,1.14074168247741e-06,"CvsHigh"
"326","Montipora_capitata_PredGene_g27724","GO:1900054",0.0247313165766674,0.999795157391545,1,3,"positive regulation of retinoic acid biosynthetic process","BP",981,6170,1080,3966,4387,767,705,1159,1191,882,2047,668,1679.22618887576,1.53972851748428,0.251593800168767,6.11989848895897,9.36349880082303e-10,1.14074168247741e-06,"CvsHigh"
"329","Montipora_capitata_PredGene_g27898","GO:0055114",0.0274487687933063,0.989392198294086,9,525,"oxidation-reduction process","BP",1560,1065,204,504,1024,150,222,185,261,197,485,137,330.683210481498,1.12604875070903,0.304369179417194,3.69961489814833,0.000215926867481498,0.0365376704624722,"CvsHigh"
"332","Montipora_capitata_PredGene_g29986","GO:0006629",0.0442801878110127,0.989234457513185,4,152,"lipid metabolic process","BP",924,11,31,0,21,49,83,51,51,65,11,75,50.0495870981751,-3.66956557693475,0.560377952390625,-6.54837607596808,5.81660939094884e-11,1.10231210857804e-07,"CvsHigh"
"333","Montipora_capitata_PredGene_g29986","GO:0006629",0.0442801878110127,0.989234457513185,4,152,"lipid metabolic process","BP",924,11,31,0,21,49,83,51,51,65,11,75,50.0495870981751,-3.37116368580504,0.528715934636078,-6.37613407306412,1.81613950125194e-10,2.21257680952522e-07,"CvsMid"
"336","Montipora_capitata_PredGene_g30681","GO:0030223",0.014538071796984,0.999947113166734,1,2,"neutrophil differentiation","BP",993,317,135,261,275,48,46,54,72,64,122,64,109.8258846057,1.16900115600087,0.312017271884955,3.74659117086281,0.000179253872761454,0.0326775675616467,"CvsHigh"
"338","Montipora_capitata_PredGene_g30681","GO:0120161",0.00857661319608334,1,1,1,"regulation of cold-induced thermogenesis","BP",993,317,135,261,275,48,46,54,72,64,122,64,109.8258846057,1.16900115600087,0.312017271884955,3.74659117086281,0.000179253872761454,0.0326775675616467,"CvsHigh"
"339","Montipora_capitata_PredGene_g30681","GO:0055114",0.0274487687933063,0.989392198294086,9,525,"oxidation-reduction process","BP",993,317,135,261,275,48,46,54,72,64,122,64,109.8258846057,1.16900115600087,0.312017271884955,3.74659117086281,0.000179253872761454,0.0326775675616467,"CvsHigh"
"340","Montipora_capitata_PredGene_g3118","GO:1900176",0.0060279697374875,1,1,1,"negative regulation of nodal signaling pathway involved in determination of lateral mesoderm left/right asymmetry","BP",1698,795,247,881,751,162,229,212,207,225,412,274,338.569761354664,0.660491196833898,0.176346510757959,3.74541687269585,0.000180094474131964,0.0326775675616467,"CvsHigh"
"341","Montipora_capitata_PredGene_g3118","GO:0009966",0.0381796996319186,0.993480665851349,3,93,"regulation of signal transduction","BP",1698,795,247,881,751,162,229,212,207,225,412,274,338.569761354664,0.660491196833898,0.176346510757959,3.74541687269585,0.000180094474131964,0.0326775675616467,"CvsHigh"
"342","Montipora_capitata_PredGene_g3118","GO:0048484",0.00225554035022543,0.999868241467958,3,35,"enteric nervous system development","BP",1698,795,247,881,751,162,229,212,207,225,412,274,338.569761354664,0.660491196833898,0.176346510757959,3.74541687269585,0.000180094474131964,0.0326775675616467,"CvsHigh"
"344","Montipora_capitata_PredGene_g31443","GO:0061324",0.000667875951555395,0.999994044934781,2,6,"canonical Wnt signaling pathway involved in positive regulation of cardiac outflow tract cell proliferation","BP",816,133,144,171,145,98,114,77,104,144,62,181,127.567876354046,-1.08538323744018,0.259955577545479,-4.17526428049152,2.97640310685721e-05,0.00906527346259937,"CvsHigh"
"345","Montipora_capitata_PredGene_g31443","GO:0061324",0.000667875951555395,0.999994044934781,2,6,"canonical Wnt signaling pathway involved in positive regulation of cardiac outflow tract cell proliferation","BP",816,133,144,171,145,98,114,77,104,144,62,181,127.567876354046,-1.01012575443792,0.243743643575709,-4.14421373053845,3.40981614165011e-05,0.00923140065269592,"CvsMid"
"346","Montipora_capitata_PredGene_g31443","GO:0010909",0.0224263141290507,0.999831737983346,1,3,"positive regulation of heparan sulfate proteoglycan biosynthetic process","BP",816,133,144,171,145,98,114,77,104,144,62,181,127.567876354046,-1.08538323744018,0.259955577545479,-4.17526428049152,2.97640310685721e-05,0.00906527346259937,"CvsHigh"
"347","Montipora_capitata_PredGene_g31443","GO:0010909",0.0224263141290507,0.999831737983346,1,3,"positive regulation of heparan sulfate proteoglycan biosynthetic process","BP",816,133,144,171,145,98,114,77,104,144,62,181,127.567876354046,-1.01012575443792,0.243743643575709,-4.14421373053845,3.40981614165011e-05,0.00923140065269592,"CvsMid"
"348","Montipora_capitata_PredGene_g31443","GO:0044334",0.0224263141290507,0.999831737983346,1,3,"canonical Wnt signaling pathway involved in positive regulation of epithelial to mesenchymal transition","BP",816,133,144,171,145,98,114,77,104,144,62,181,127.567876354046,-1.08538323744018,0.259955577545479,-4.17526428049152,2.97640310685721e-05,0.00906527346259937,"CvsHigh"
"349","Montipora_capitata_PredGene_g31443","GO:0044334",0.0224263141290507,0.999831737983346,1,3,"canonical Wnt signaling pathway involved in positive regulation of epithelial to mesenchymal transition","BP",816,133,144,171,145,98,114,77,104,144,62,181,127.567876354046,-1.01012575443792,0.243743643575709,-4.14421373053845,3.40981614165011e-05,0.00923140065269592,"CvsMid"
"350","Montipora_capitata_PredGene_g31443","GO:0036520",0.0411646811932006,0.999315124178371,1,5,"astrocyte-dopaminergic neuron signaling","BP",816,133,144,171,145,98,114,77,104,144,62,181,127.567876354046,-1.08538323744018,0.259955577545479,-4.17526428049152,2.97640310685721e-05,0.00906527346259937,"CvsHigh"
"351","Montipora_capitata_PredGene_g31443","GO:0036520",0.0411646811932006,0.999315124178371,1,5,"astrocyte-dopaminergic neuron signaling","BP",816,133,144,171,145,98,114,77,104,144,62,181,127.567876354046,-1.01012575443792,0.243743643575709,-4.14421373053845,3.40981614165011e-05,0.00923140065269592,"CvsMid"
"352","Montipora_capitata_PredGene_g31443","GO:0060492",0.0257163586624643,0.999778415344652,1,3,"lung induction","BP",816,133,144,171,145,98,114,77,104,144,62,181,127.567876354046,-1.08538323744018,0.259955577545479,-4.17526428049152,2.97640310685721e-05,0.00906527346259937,"CvsHigh"
"353","Montipora_capitata_PredGene_g31443","GO:0060492",0.0257163586624643,0.999778415344652,1,3,"lung induction","BP",816,133,144,171,145,98,114,77,104,144,62,181,127.567876354046,-1.01012575443792,0.243743643575709,-4.14421373053845,3.40981614165011e-05,0.00923140065269592,"CvsMid"
"354","Montipora_capitata_PredGene_g31443","GO:1904798",0.0312607511562667,0.999631033730278,1,4,"positive regulation of core promoter binding","BP",816,133,144,171,145,98,114,77,104,144,62,181,127.567876354046,-1.08538323744018,0.259955577545479,-4.17526428049152,2.97640310685721e-05,0.00906527346259937,"CvsHigh"
"355","Montipora_capitata_PredGene_g31443","GO:1904798",0.0312607511562667,0.999631033730278,1,4,"positive regulation of core promoter binding","BP",816,133,144,171,145,98,114,77,104,144,62,181,127.567876354046,-1.01012575443792,0.243743643575709,-4.14421373053845,3.40981614165011e-05,0.00923140065269592,"CvsMid"
"358","Montipora_capitata_PredGene_g31443","GO:0051091",0.0251025216431409,0.996368958299251,3,75,"positive regulation of DNA-binding transcription factor activity","BP",816,133,144,171,145,98,114,77,104,144,62,181,127.567876354046,-1.08538323744018,0.259955577545479,-4.17526428049152,2.97640310685721e-05,0.00906527346259937,"CvsHigh"
"359","Montipora_capitata_PredGene_g31443","GO:0051091",0.0251025216431409,0.996368958299251,3,75,"positive regulation of DNA-binding transcription factor activity","BP",816,133,144,171,145,98,114,77,104,144,62,181,127.567876354046,-1.01012575443792,0.243743643575709,-4.14421373053845,3.40981614165011e-05,0.00923140065269592,"CvsMid"
"360","Montipora_capitata_PredGene_g31443","GO:0051884",0.0164015511317476,0.999932622356971,1,2,"regulation of timing of anagen","BP",816,133,144,171,145,98,114,77,104,144,62,181,127.567876354046,-1.08538323744018,0.259955577545479,-4.17526428049152,2.97640310685721e-05,0.00906527346259937,"CvsHigh"
"361","Montipora_capitata_PredGene_g31443","GO:0051884",0.0164015511317476,0.999932622356971,1,2,"regulation of timing of anagen","BP",816,133,144,171,145,98,114,77,104,144,62,181,127.567876354046,-1.01012575443792,0.243743643575709,-4.14421373053845,3.40981614165011e-05,0.00923140065269592,"CvsMid"
"362","Montipora_capitata_PredGene_g31443","GO:0030997",0.0164015511317476,0.999932622356971,1,2,"regulation of centriole-centriole cohesion","BP",816,133,144,171,145,98,114,77,104,144,62,181,127.567876354046,-1.08538323744018,0.259955577545479,-4.17526428049152,2.97640310685721e-05,0.00906527346259937,"CvsHigh"
"363","Montipora_capitata_PredGene_g31443","GO:0030997",0.0164015511317476,0.999932622356971,1,2,"regulation of centriole-centriole cohesion","BP",816,133,144,171,145,98,114,77,104,144,62,181,127.567876354046,-1.01012575443792,0.243743643575709,-4.14421373053845,3.40981614165011e-05,0.00923140065269592,"CvsMid"
