"","baseMean","log2FoldChange","lfcSE","stat","pvalue","padj","Treatment_Compare","1_2","2_2","4_2","11_2","28_2","35_2","36_2","38_2","39_2","41_2","42_2","47_2"
"Pocillopora_acuta_HIv1_PredGene_g32171.t1",34.4806666925982,-2.67528071560794,0.677846883217543,-3.94673307769619,7.92247954659619e-05,0.013906316523544,"CvsHigh",28,59,0,13,9,28,34,35,27,34,29,33
"Pocillopora_acuta_HIv1_PredGene_g32172.t1",43.7775165384093,-1.63629901280098,0.450558923192824,-3.63170925837085,0.000281550221120913,0.0324978818838662,"CvsHigh",32,55,28,16,13,44,30,62,58,63,50,34
"Pocillopora_acuta_HIv1_PredGene_g32194.t1",621.576887451925,1.46019741186718,0.320061900660148,4.56223439545734,5.06120985825416e-06,0.0019200760818709,"CvsHigh",508,82,1704,1188,382,466,325,193,1794,1674,889,343
"Pocillopora_acuta_HIv1_PredGene_g18846.t1",394.4305288394,1.3943950469754,0.356857281845623,3.90743055532944,9.32828401798639e-05,0.0151317633370385,"CvsHigh",246,146,1228,575,203,157,163,141,1234,995,650,239
"Pocillopora_acuta_HIv1_PredGene_g18847.t1",109.823668544255,1.06930264632075,0.231478331224295,4.6194502987177,3.84758027656541e-06,0.00156032647732922,"CvsHigh",85,40,294,196,59,66,53,60,277,306,128,70
"Pocillopora_acuta_HIv1_PredGene_g30103.t1",38.9625071303484,-2.21750925641501,0.535667643544319,-4.13971103750556,3.47743569786268e-05,0.00863883230111512,"CvsHigh",19,35,8,55,17,36,93,41,15,24,50,23
"Pocillopora_acuta_HIv1_PredGene_g1931.t1",12.7261598033579,-2.15880006805742,0.550691154964789,-3.92016477583601,8.84884454122453e-05,0.0149376374361058,"CvsHigh",12,14,0,6,8,13,12,13,10,14,19,10
"Pocillopora_acuta_HIv1_PredGene_g1988.t1",32.0518923174812,-1.28245590540718,0.354411838987349,-3.61854702447724,0.000296261672669148,0.0328696735983539,"CvsHigh",33,22,30,17,35,20,26,43,29,31,32,30
"Pocillopora_acuta_HIv1_PredGene_g6916.t1",210.391778119374,-1.20484012449632,0.280783191144978,-4.29099804579906,1.77871880301672e-05,0.00510210304460443,"CvsHigh",236,128,177,127,198,236,172,293,258,283,240,99
"Pocillopora_acuta_HIv1_PredGene_g6941.t1",43.9244684323451,-1.72455305412068,0.421523287427678,-4.0912402838872,4.29072281143098e-05,0.00995582594874899,"CvsHigh",35,51,43,27,26,31,55,38,38,28,36,45
"Pocillopora_acuta_HIv1_PredGene_g27851.t1",37.6390369638917,-1.9272891689642,0.514834543188362,-3.74351176404855,0.000181466102219499,0.0230716983259721,"CvsHigh",31,45,8,56,16,27,62,39,22,28,34,26
"Pocillopora_acuta_HIv1_PredGene_g27868.t1",83.8332092495097,0.874251254359517,0.24915197438971,3.50890759144481,0.000449951209145783,0.0454218986708925,"CvsHigh",56,29,222,209,37,46,49,75,175,206,88,54
"Pocillopora_acuta_HIv1_PredGene_g7769.t1",33.0658196932821,-1.92325284361496,0.502133879973181,-3.83015948598745,0.000128060232083086,0.0190065188254353,"CvsHigh",20,19,6,25,13,43,53,26,33,23,38,56
"Pocillopora_acuta_HIv1_PredGene_g7788.t1",360.407482697444,0.732589817224829,0.180324773432905,4.06261326870548,4.85263878714014e-05,0.0102405265234838,"CvsHigh",311,102,879,738,181,252,221,297,731,836,404,260
"Pocillopora_acuta_HIv1_PredGene_g3941.t1",347.233900583696,-4.27238627301964,0.294564624144899,-14.5040711708749,1.14172469492579e-47,2.68545065493495e-43,"CvsHigh",378,308,44,43,374,477,362,328,45,56,538,267
"Pocillopora_acuta_HIv1_PredGene_g1152.t1",409.200638658231,1.45478582380931,0.269043178896384,5.40725778582028,6.39970017582916e-08,4.56143478289932e-05,"CvsHigh",305,85,949,1387,185,276,194,163,948,1057,487,268
"Pocillopora_acuta_HIv1_PredGene_g9758.t1",33.3869593955513,2.01593254485634,0.366783201147932,5.49625102389375,3.87950171765562e-08,3.1465434448613e-05,"CvsHigh",23,0,81,124,14,18,17,15,93,135,26,20
"Pocillopora_acuta_HIv1_PredGene_g30872.t1",171.349701805364,0.867850912847979,0.222327876602126,3.90347322212351,9.48220456647328e-05,0.0152760913430149,"CvsHigh",137,67,329,394,110,116,72,108,362,467,191,116
"Pocillopora_acuta_HIv1_PredGene_g12340.t1",22.691551832276,-1.99793542655613,0.510687723123902,-3.91224487311866,9.14421205496612e-05,0.0149376374361058,"CvsHigh",15,34,17,9,20,15,22,19,21,15,22,13
"Pocillopora_acuta_HIv1_PredGene_g11568.t1",136.349184921292,-1.46559403847632,0.315015428449986,-4.65245161383899,3.28011721391106e-06,0.00137770780336432,"CvsHigh",205,63,65,110,75,153,182,213,126,199,164,63
"Pocillopora_acuta_HIv1_PredGene_g11568.t2",136.349184921292,-1.46559403847632,0.315015428449986,-4.65245161383899,3.28011721391106e-06,0.00137770780336432,"CvsHigh",205,63,65,110,75,153,182,213,126,199,164,63
"Pocillopora_acuta_HIv1_PredGene_g11569.t1",300.847765588839,-1.07194681263252,0.252224311653615,-4.24997418212663,2.13795156724868e-05,0.00591567709399203,"CvsHigh",383,160,185,329,151,299,342,455,419,429,331,181
"Pocillopora_acuta_HIv1_PredGene_g10201.t1",137.388176513627,0.970364184659074,0.270944072183233,3.58141876602061,0.00034173339620331,0.0367027909228221,"CvsHigh",136,32,276,284,66,122,71,78,287,491,177,67
"Pocillopora_acuta_HIv1_PredGene_g10202.t1",23.3078682936018,-1.4014734001119,0.366987016461028,-3.8188637124734,0.000134067803133051,0.0192281024237347,"CvsHigh",20,8,29,28,8,28,42,46,20,22,25,12
"Pocillopora_acuta_HIv1_PredGene_g3078.t1",171.556924131846,2.14951864598981,0.476521942987156,4.51084924340567,6.45685992637357e-06,0.00227265815473985,"CvsHigh",67,11,995,255,97,107,55,67,522,370,189,85
"Pocillopora_acuta_HIv1_PredGene_g9785.t1",178.692127541148,-1.50182634617205,0.367975990030562,-4.08131613708632,4.47813953037442e-05,0.00995582594874899,"CvsHigh",178,64,98,135,155,386,196,145,189,196,264,78
"Pocillopora_acuta_HIv1_PredGene_g21773.t1",356.133943170224,-0.765749290906834,0.208128930251353,-3.6792063937582,0.00023396087028913,0.0284232342997635,"CvsHigh",276,195,543,467,169,381,524,553,527,630,228,131
"Pocillopora_acuta_HIv1_PredGene_g21773.t2",356.133943170224,-0.765749290906834,0.208128930251353,-3.6792063937582,0.00023396087028913,0.0284232342997635,"CvsHigh",276,195,543,467,169,381,524,553,527,630,228,131
"Pocillopora_acuta_HIv1_PredGene_g21776.t1",129.296870244959,-1.21974931250851,0.32744587940481,-3.72504095860243,0.000195283511828059,0.0245629063192929,"CvsHigh",97,97,168,91,70,136,192,238,214,186,79,27
"Pocillopora_acuta_HIv1_PredGene_g21777.t2",57.0828768673038,-1.71986217954728,0.40944485253861,-4.20047332109298,2.6635755464423e-05,0.00696110671420771,"CvsHigh",18,39,86,38,10,77,160,97,71,55,41,6
"Pocillopora_acuta_HIv1_PredGene_g21777.t1",57.0828768673038,-1.71986217954728,0.40944485253861,-4.20047332109298,2.6635755464423e-05,0.00696110671420771,"CvsHigh",18,39,86,38,10,77,160,97,71,55,41,6
"Pocillopora_acuta_HIv1_PredGene_g1342.t1",95.01719481447,1.00204064295269,0.282646235153255,3.5452113572621,0.000392298383967335,0.0411930816486414,"CvsHigh",64,24,240,264,52,94,51,49,227,229,96,47
"Pocillopora_acuta_HIv1_PredGene_g4057.t1",222.481303553139,1.3768079423211,0.388942579950022,3.53987455551412,0.000400317264947903,0.0418482772837317,"CvsHigh",102,43,461,914,93,134,160,79,405,567,282,170
"Pocillopora_acuta_HIv1_PredGene_g14792.t1",1931.92813388148,-1.31131616863075,0.372516452926865,-3.52015638055105,0.000431292430809672,0.0444931108117294,"CvsHigh",1222,2413,1847,1785,1098,1891,1565,1661,2328,2395,2386,966
"Pocillopora_acuta_HIv1_PredGene_g31888.t1",58.0088888735005,1.29285650352017,0.283325070521625,4.56315602830316,5.03903370001063e-06,0.0019200760818709,"CvsHigh",33,12,146,206,16,43,45,32,174,186,30,29
"Pocillopora_acuta_HIv1_PredGene_g2628.t1",90.9333352476611,2.76045342184938,0.670695277548155,4.11580864553081,3.85824310372925e-05,0.0092601771472261,"CvsHigh",13,16,765,506,10,17,53,13,80,108,13,19
"Pocillopora_acuta_HIv1_PredGene_g2628.t2",90.9333352476611,2.76045342184938,0.670695277548155,4.11580864553081,3.85824310372925e-05,0.0092601771472261,"CvsHigh",13,16,765,506,10,17,53,13,80,108,13,19
"Pocillopora_acuta_HIv1_PredGene_g2699.t1",12464.3317901632,1.84783630970106,0.481437090777272,3.83816773800656,0.000123955798515103,0.0188100924959595,"CvsHigh",12112,2088,29641,21625,4306,10955,1157,4437,47509,54062,15699,5239
"Pocillopora_acuta_HIv1_PredGene_g14435.t1",278.11836304143,1.19924134518022,0.247735436280728,4.84081471421499,1.29307895722686e-06,0.000608290203058659,"CvsHigh",195,63,872,544,152,130,197,219,945,694,206,136
"Pocillopora_acuta_HIv1_PredGene_g28596.t1",65.2784479923656,-2.47607057076189,0.615109423502944,-4.02541478987769,5.6874973032378e-05,0.0111479686724547,"CvsHigh",67,75,0,29,53,67,42,67,44,53,90,56
"Pocillopora_acuta_HIv1_PredGene_g33391.t1",188.275726237953,-1.15655067861179,0.224366182132257,-5.15474599434082,2.53974955474202e-07,0.000145701095797773,"CvsHigh",189,101,170,129,111,169,191,309,257,228,265,133
"Pocillopora_acuta_HIv1_PredGene_g16052.t1",98.3359494391253,0.921335346571371,0.25949633884189,3.55047531954867,0.000384536188952123,0.0405590838580398,"CvsHigh",67,29,252,254,47,55,62,74,177,238,111,76
"Pocillopora_acuta_HIv1_PredGene_g4955.t1",61.1357937212812,0.932705835563065,0.265210611597494,3.51684960848632,0.0004367011372365,0.0448543556722259,"CvsHigh",44,28,150,160,33,42,33,36,151,156,53,26
"Pocillopora_acuta_HIv1_PredGene_g31480.t1",105.631456859166,0.898298679117066,0.229381818674204,3.91617210251933,8.99660356028835e-05,0.0149376374361058,"CvsHigh",85,16,210,234,57,84,61,86,253,297,128,72
"Pocillopora_acuta_HIv1_PredGene_g31487.t2",26305.9115184922,1.16566788963119,0.316996603612473,3.6772251700722,0.00023578489416864,0.0284232342997635,"CvsHigh",16752,4444,74679,54451,21943,22942,13241,11642,57079,64412,22922,20807
"Pocillopora_acuta_HIv1_PredGene_g31487.t1",26305.9115184922,1.16566788963119,0.316996603612473,3.6772251700722,0.00023578489416864,0.0284232342997635,"CvsHigh",16752,4444,74679,54451,21943,22942,13241,11642,57079,64412,22922,20807
"Pocillopora_acuta_HIv1_PredGene_g953.t1",105.995988944315,-0.897987593309543,0.247931638833529,-3.62191609563993,0.000292428976697585,0.0325982083455161,"CvsHigh",99,79,97,109,85,99,81,118,130,153,123,70
"Pocillopora_acuta_HIv1_PredGene_1632_t",105.995988944315,-0.897987593309543,0.247931638833529,-3.62191609563993,0.000292428976697585,0.0325982083455161,"CvsHigh",99,79,97,109,85,99,81,118,130,153,123,70
"Pocillopora_acuta_HIv1_PredGene_g3306.t1",243.407147996241,1.91095959463647,0.365486738055792,5.22853333831435,1.70860027403993e-07,0.000111633297349148,"CvsHigh",133,41,723,946,80,138,87,78,443,715,249,226
"Pocillopora_acuta_HIv1_PredGene_17795_t",181.157324209446,1.19700450453109,0.298995531565562,4.00341937641505,6.24334842019145e-05,0.0118427256605906,"CvsHigh",135,32,365,644,88,149,104,93,397,442,199,111
"Pocillopora_acuta_HIv1_PredGene_g29421.t1",93.3881565042216,-1.46503465538397,0.385497674421007,-3.80037222684769,0.00014447890052532,0.0200218960342127,"CvsHigh",110,43,47,83,31,65,121,174,57,139,114,108
"Pocillopora_acuta_HIv1_PredGene_g29458.t1",116.16724649295,1.02749821648936,0.292590486950672,3.51172803735955,0.000445203334388703,0.0453007001196109,"CvsHigh",85,51,293,366,38,49,63,99,304,269,101,57
"Pocillopora_acuta_HIv1_PredGene_g25285.t1",42.8783407495944,1.14743960841014,0.301013980897631,3.81191466585189,0.000137894486035131,0.0196570679153474,"CvsHigh",34,9,72,110,21,33,27,30,142,171,32,14
"Pocillopora_acuta_HIv1_PredGene_g26522.t1",29.0849075873761,-1.42197375362583,0.333633638972227,-4.26208147957226,2.02531566039188e-05,0.00567112495810446,"CvsHigh",25,11,29,17,22,44,31,36,32,22,31,32
"Pocillopora_acuta_HIv1_PredGene_g22418.t1",37.863830609849,-1.52662654379321,0.372535464826014,-4.09793613745255,4.16850244220809e-05,0.00980473459431766,"CvsHigh",52,31,23,30,15,41,59,49,35,63,23,18
"Pocillopora_acuta_HIv1_PredGene_18567_t",37.863830609849,-1.52662654379321,0.372535464826014,-4.09793613745255,4.16850244220809e-05,0.00980473459431766,"CvsHigh",52,31,23,30,15,41,59,49,35,63,23,18
"Pocillopora_acuta_HIv1_PredGene_g2366.t1",37.1627088433864,1.28392938296382,0.341657353253592,3.75794453342509,0.000171314842646195,0.0223860911882287,"CvsHigh",20,9,108,91,4,19,37,25,114,186,22,10
"Pocillopora_acuta_HIv1_PredGene_g20016.t1",89.5844118104368,1.12820899093805,0.283126565335227,3.98482208690742,6.75307028765095e-05,0.0124092942371748,"CvsHigh",69,15,277,147,52,66,46,64,239,239,112,45
"Pocillopora_acuta_HIv1_PredGene_g32496.t1",122.032466238066,0.906334399074877,0.244013414875396,3.71428103466234,0.000203782230149912,0.0253842578960011,"CvsHigh",101,30,281,231,44,71,83,97,281,382,116,112
"Pocillopora_acuta_HIv1_PredGene_g14714.t1",98.7271330554916,-1.05649741777211,0.29428331910916,-3.59006898851857,0.000330590453442918,0.0359991576640318,"CvsHigh",90,84,117,105,31,93,95,129,104,138,98,85
"Pocillopora_acuta_HIv1_PredGene_g20859.t1",91.2349070886798,-1.33115593902547,0.293341996682921,-4.53789758738278,5.68178398465671e-06,0.0020881443922361,"CvsHigh",101,42,74,106,46,106,112,114,59,86,162,61
"Pocillopora_acuta_HIv1_PredGene_g19073.t1",58.380222728194,1.1206432216973,0.313670671845192,3.57267453506261,0.000353353820884404,0.0376073991901451,"CvsHigh",55,25,118,171,28,31,22,34,117,168,44,46
"Pocillopora_acuta_HIv1_PredGene_g23759.t1",29.7160475755983,-2.62228951311187,0.682012576565376,-3.84492838287199,0.000120587651803833,0.0185381840397252,"CvsHigh",11,14,7,25,16,14,145,21,11,28,10,19
"Pocillopora_acuta_HIv1_PredGene_g17591.t1",117.615903956258,1.08939970526253,0.238226741916808,4.57295304673629,4.8089793406855e-06,0.00188520005120439,"CvsHigh",100,19,265,279,64,92,59,76,238,354,138,84
"Pocillopora_acuta_HIv1_PredGene_g32103.t1",21.8261137256818,-1.40526803277144,0.346978688277652,-4.05001252309463,5.12148921118262e-05,0.0103047846467838,"CvsHigh",19,19,21,22,12,18,35,30,20,27,18,10
"Pocillopora_acuta_HIv1_PredGene_g10524.t1",233.661313937248,1.0300544470581,0.208499645144481,4.94031750674838,7.79954613497448e-07,0.000398811140523337,"CvsHigh",230,46,557,478,129,140,124,181,485,660,212,202
"Pocillopora_acuta_HIv1_PredGene_g4343.t1",86.3225331771765,-1.46525617080898,0.229353515124712,-6.38863620647909,1.67371705606017e-10,2.31573522797596e-07,"CvsHigh",84,35,59,63,79,111,98,98,70,84,137,62
"Pocillopora_acuta_HIv1_PredGene_g28849.t1",20.5377925414369,-1.53051491599256,0.438145011423959,-3.49316978645594,0.000477322917130895,0.0469753654135389,"CvsHigh",26,16,25,10,17,21,26,25,19,17,24,4
"Pocillopora_acuta_HIv1_PredGene_g26402.t1",40.2041402293271,-1.46908976230188,0.372589147611439,-3.94292150407436,8.04950073082932e-05,0.0140246153103582,"CvsHigh",49,28,24,39,20,31,55,68,30,60,22,35
"Pocillopora_acuta_HIv1_PredGene_g17717.t1",99.6430212083431,1.04419273168724,0.299357243034441,3.48811580806516,0.000486437339130072,0.0476728860569935,"CvsHigh",83,17,182,218,38,69,64,60,190,371,112,99
"Pocillopora_acuta_HIv1_PredGene_g6360.t1",60.1648949234221,-1.93572877047347,0.467152512948217,-4.14367624452455,3.41782174517569e-05,0.00863883230111512,"CvsHigh",64,58,8,32,60,67,36,69,66,51,78,37
"Pocillopora_acuta_HIv1_PredGene_g30373.t1",17.9502919964181,-1.74059574497328,0.449873490527175,-3.8690782667225,0.000109247571855998,0.0169053430106903,"CvsHigh",21,7,2,19,14,27,23,26,16,18,15,15
"Pocillopora_acuta_HIv1_PredGene_g30378.t1",13.3624594886446,-1.96885641632801,0.420632711123269,-4.68070210486083,2.85894111237717e-06,0.00126877648875893,"CvsHigh",14,5,6,7,12,18,20,24,12,13,12,8
"Pocillopora_acuta_HIv1_PredGene_g21407.t1",49.5973529261396,-0.994314771508488,0.283219095408073,-3.51076176581894,0.000446824642989232,0.0453007001196109,"CvsHigh",35,37,42,53,27,39,61,61,57,85,55,40
"Pocillopora_acuta_HIv1_PredGene_g19554.t1",68.5347164469083,-2.62887061945409,0.300512731727387,-8.74795089160778,2.17261770769464e-18,1.02204282205371e-14,"CvsHigh",80,25,22,35,42,124,116,105,34,38,91,40
"Pocillopora_acuta_HIv1_PredGene_g4724.t1",40.3790891658256,1.1726175185945,0.321163216375478,3.65115760088656,0.000261060972935976,0.0310121976991267,"CvsHigh",33,10,89,80,21,32,17,34,136,170,26,11
"Pocillopora_acuta_HIv1_PredGene_g1629.t1",80.4807757297838,-1.8603437664317,0.291963545320354,-6.37183578652072,1.86778817951516e-10,2.44068032057644e-07,"CvsHigh",70,58,38,34,65,103,56,102,62,77,129,72
"Pocillopora_acuta_HIv1_PredGene_g1630.t1",265.286252296087,-1.49440884848015,0.347862952239338,-4.29597011943935,1.73931011614213e-05,0.00506840984780508,"CvsHigh",205,245,307,192,191,303,185,272,201,175,381,211
"Pocillopora_acuta_HIv1_PredGene_g15901.t1",41.4099284433061,1.55523995951993,0.40074545418264,3.88086737675413,0.000104084590838443,0.0164205501840058,"CvsHigh",27,0,130,90,18,39,18,25,139,141,40,21
"Pocillopora_acuta_HIv1_PredGene_g2104.t1",28.1775542185273,-1.83765613876836,0.468657784003106,-3.92110448496504,8.81440305613321e-05,0.0149376374361058,"CvsHigh",51,9,5,6,29,37,26,31,20,36,43,18
"Pocillopora_acuta_HIv1_PredGene_g5277.t1",31.6339763293162,-1.74344831017131,0.449412922676977,-3.87939069438917,0.000104718444266862,0.0164205501840058,"CvsHigh",20,42,29,36,15,31,36,27,20,18,31,23
"Pocillopora_acuta_HIv1_PredGene_g30033.t1",118.038887836514,1.85721202914179,0.347083954997237,5.35090142428675,8.75171874842017e-08,6.05438754945855e-05,"CvsHigh",88,15,376,467,46,78,53,37,244,321,100,73
"Pocillopora_acuta_HIv1_PredGene_g27440.t1",21.2200685874707,1.42965216264385,0.373950424797845,3.82310613343121,0.000131781021745279,0.0191334655090784,"CvsHigh",18,3,37,62,12,16,7,12,64,64,25,12
"Pocillopora_acuta_HIv1_PredGene_g29233.t1",12.7538099648436,-1.55047427805855,0.408022092709994,-3.79997628991272,0.000144709932648108,0.0200218960342127,"CvsHigh",10,11,10,8,6,15,11,21,13,15,16,9
"Pocillopora_acuta_HIv1_PredGene_g3547.t1",415.003381945076,-1.81087622105203,0.211356339666059,-8.5678822026971,1.05405538356743e-17,4.13207277948157e-14,"CvsHigh",281,342,328,328,156,527,726,757,452,441,206,226
"Pocillopora_acuta_HIv1_PredGene_g3577.t1",59.2865448580482,-1.73029060132072,0.442278299630547,-3.9122213383883,9.14510348539275e-05,0.0149376374361058,"CvsHigh",49,82,49,58,35,38,77,49,52,39,42,39
"Pocillopora_acuta_HIv1_PredGene_g3583.t2",81.9113499723952,-1.99348090724136,0.527550330720214,-3.77875018013893,0.000157617449620316,0.0213064369685025,"CvsHigh",22,80,70,127,11,71,316,82,61,55,33,5
"Pocillopora_acuta_HIv1_PredGene_g3583.t1",81.9113499723952,-1.99348090724136,0.527550330720214,-3.77875018013893,0.000157617449620316,0.0213064369685025,"CvsHigh",22,80,70,127,11,71,316,82,61,55,33,5
"Pocillopora_acuta_HIv1_PredGene_g3586.t1",158.968719368472,-1.08995803873006,0.278496296931527,-3.91372542737273,9.0882974542187e-05,0.0149376374361058,"CvsHigh",120,114,226,149,70,155,259,276,260,230,91,43
"Pocillopora_acuta_HIv1_PredGene_g3585.t1",158.968719368472,-1.08995803873006,0.278496296931527,-3.91372542737273,9.0882974542187e-05,0.0149376374361058,"CvsHigh",120,114,226,149,70,155,259,276,260,230,91,43
"Pocillopora_acuta_HIv1_PredGene_g28764.t3",60.2934226057095,1.45712845689804,0.359258887620552,4.05592876643613,4.99354775782682e-05,0.0102405265234838,"CvsHigh",37,18,271,134,27,26,29,37,132,135,42,43
"Pocillopora_acuta_HIv1_PredGene_22960_t",60.2934226057095,1.45712845689804,0.359258887620552,4.05592876643613,4.99354775782682e-05,0.0102405265234838,"CvsHigh",37,18,271,134,27,26,29,37,132,135,42,43
"Pocillopora_acuta_HIv1_PredGene_g28764.t1",60.2934226057095,1.45712845689804,0.359258887620552,4.05592876643613,4.99354775782682e-05,0.0102405265234838,"CvsHigh",37,18,271,134,27,26,29,37,132,135,42,43
"Pocillopora_acuta_HIv1_PredGene_g28764.t2",60.2934226057095,1.45712845689804,0.359258887620552,4.05592876643613,4.99354775782682e-05,0.0102405265234838,"CvsHigh",37,18,271,134,27,26,29,37,132,135,42,43
"Pocillopora_acuta_HIv1_PredGene_g18273.t1",1040.0534415747,1.09791481247058,0.258779781507001,4.24266071358779,2.20885251405418e-05,0.00597177241184693,"CvsHigh",698,275,2386,3218,408,827,640,505,2276,2832,962,779
"Pocillopora_acuta_HIv1_PredGene_g6167.t1",109.518595658784,-2.0127293598827,0.568975009265962,-3.53746531412571,0.000403987244830801,0.0420450618834746,"CvsHigh",95,56,9,128,33,107,230,135,51,105,108,148
"Pocillopora_acuta_HIv1_PredGene_g808.t1",235.631740559559,-1.32111166663317,0.369160448586901,-3.57869233199337,0.000345317696420456,0.0369191706250252,"CvsHigh",148,268,215,157,172,206,185,213,254,329,278,168
"Pocillopora_acuta_HIv1_PredGene_g17977.t1",78.4208279128194,0.997198674788558,0.235667571103353,4.2313784205432,2.32263528639412e-05,0.00620803461037228,"CvsHigh",65,20,218,142,45,52,41,54,179,203,76,61
"Pocillopora_acuta_HIv1_PredGene_g30295.t1",185.796015834842,1.71355435882614,0.380654291932578,4.50160262249098,6.74429875880137e-06,0.00227265815473985,"CvsHigh",155,24,454,636,85,153,34,86,382,582,231,112
"Pocillopora_acuta_HIv1_PredGene_23744_t",185.796015834842,1.71355435882614,0.380654291932578,4.50160262249098,6.74429875880137e-06,0.00227265815473985,"CvsHigh",155,24,454,636,85,153,34,86,382,582,231,112
"Pocillopora_acuta_HIv1_PredGene_g10269.t1",96.7219835292179,1.60603352845207,0.325904976433079,4.92791962255248,8.31097915685915e-07,0.000407255293226008,"CvsHigh",46,14,296,352,32,70,59,38,239,296,75,62
"Pocillopora_acuta_HIv1_PredGene_g13439.t1",18.3120600687657,-2.04128353081352,0.387805630742428,-5.26367687572152,1.41202530869217e-07,9.48921351021389e-05,"CvsHigh",18,16,11,8,16,24,20,24,14,15,22,7
"Pocillopora_acuta_HIv1_PredGene_g24638.t1",37.7675127385225,-2.80008206457194,0.422709569482559,-6.62412745469552,3.49305280558796e-11,5.47733966934896e-08,"CvsHigh",47,17,9,26,28,69,53,35,8,11,58,31
"Pocillopora_acuta_HIv1_PredGene_g24643.t1",28.8133230815305,2.21196545515095,0.453369949421002,4.8789414869156,1.06656697321211e-06,0.000511973913814735,"CvsHigh",10,8,169,104,10,12,10,11,63,90,11,4
"Pocillopora_acuta_HIv1_PredGene_g19446.t1",711.608848209111,2.18942085209366,0.288825042033997,7.5804398284687,3.44385458772368e-14,7.3639003416226e-11,"CvsHigh",249,68,2347,2902,202,452,302,289,2572,2779,411,199
"Pocillopora_acuta_HIv1_PredGene_g19457.t1",103.151071660086,1.3353508430498,0.242484908035307,5.5069441387889,3.65116053659344e-08,3.06710524932908e-05,"CvsHigh",94,19,273,258,38,67,45,67,277,282,122,64
"Pocillopora_acuta_HIv1_PredGene_g19464.t2",91.9050545784096,1.63731226470817,0.302572228992593,5.41131045026691,6.25651969347491e-08,4.56143478289932e-05,"CvsHigh",81,12,294,299,33,56,45,45,197,255,85,58
"Pocillopora_acuta_HIv1_PredGene_g19464.t1",91.9050545784096,1.63731226470817,0.302572228992593,5.41131045026691,6.25651969347491e-08,4.56143478289932e-05,"CvsHigh",81,12,294,299,33,56,45,45,197,255,85,58
"Pocillopora_acuta_HIv1_PredGene_g11845.t1",87.8059399166132,0.985288281875053,0.271408909176955,3.63027243601888,0.000283122225820259,0.0324978818838662,"CvsHigh",44,19,202,265,35,80,75,50,260,244,58,49
"Pocillopora_acuta_HIv1_PredGene_g27314.t1",37.2264601578276,-0.970320001206888,0.276826501327435,-3.50515574395522,0.00045634024502219,0.045481266538843,"CvsHigh",26,30,46,36,19,39,47,43,57,52,39,18
"Pocillopora_acuta_HIv1_PredGene_g5469.t1",38.032343623003,-1.78769248270725,0.345475933559035,-5.17457891868398,2.28425546216621e-07,0.000137764032629773,"CvsHigh",46,30,18,38,21,37,58,57,24,43,27,23
"Pocillopora_acuta_HIv1_PredGene_g30590.t1",100.126684223985,0.932127145252473,0.250973529140502,3.71404565431538,0.000203971971529451,0.0253842578960011,"CvsHigh",78,29,258,246,44,63,68,64,240,204,94,82
"Pocillopora_acuta_HIv1_PredGene_g30602.t1",38.3659895320852,1.96310947714132,0.524691611408389,3.74145390255411,0.000182958739700468,0.0231364113790038,"CvsHigh",8,12,209,67,12,9,22,16,207,54,22,16
"Pocillopora_acuta_HIv1_PredGene_g1790.t1",34.456236836147,-2.19385826130668,0.404193396089323,-5.42774395260495,5.7070832265603e-08,4.47454348573083e-05,"CvsHigh",24,49,19,18,20,38,29,44,32,22,34,19
"Pocillopora_acuta_HIv1_PredGene_g6689.t1",11.4622098071215,-1.84906204785232,0.421200668346921,-4.3899789027147,1.13361658575485e-05,0.00350839417283418,"CvsHigh",10,8,6,8,8,16,16,15,10,11,12,7
"Pocillopora_acuta_HIv1_PredGene_g9927.t1",107.183331832391,1.66079321834182,0.336878943736565,4.92994070784233,8.2254577586886e-07,0.000407255293226008,"CvsHigh",84,15,336,379,46,76,51,37,213,278,98,71
"Pocillopora_acuta_HIv1_PredGene_g8863.t1",37.6427979627707,-1.07376548715634,0.281069292037944,-3.82028744360797,0.000133296236882874,0.0192281024237347,"CvsHigh",33,28,37,32,18,33,43,60,52,61,30,27
"Pocillopora_acuta_HIv1_PredGene_g25362.t1",30.0835522076652,-1.45620057506805,0.323442292226395,-4.50219594056296,6.72549331726569e-06,0.00227265815473985,"CvsHigh",13,30,22,28,12,37,35,61,51,39,15,14
"Pocillopora_acuta_HIv1_PredGene_g17083.t1",3697.51588710975,2.04384907237273,0.50938015326291,4.01242384352934,6.00984704056444e-05,0.0114924888000908,"CvsHigh",1833,820,8443,10945,1674,1044,1848,256,12523,9100,7480,2288
"Pocillopora_acuta_HIv1_PredGene_g17860.t1",102.91854886516,1.1338344229268,0.277467174487755,4.08637318998194,4.3816879541052e-05,0.00995582594874899,"CvsHigh",61,15,234,306,59,89,66,65,290,269,97,51
"Pocillopora_acuta_HIv1_PredGene_g17099.t1",110.9406663663,1.15758228800195,0.314371350120176,3.68221305013781,0.000231218053965228,0.0284232342997635,"CvsHigh",82,19,294,299,65,101,56,49,245,236,140,69
"Pocillopora_acuta_HIv1_PredGene_g33271.t1",124.297936553448,1.09740555959949,0.282089693803981,3.89027172457444,0.000100132034174108,0.0159135511879,"CvsHigh",68,35,373,307,85,70,63,86,249,268,129,90
"Pocillopora_acuta_HIv1_PredGene_g6135.t1",112.228461104134,0.948218274861228,0.260598312836953,3.63862016042481,0.000274102730297407,0.0320754742254991,"CvsHigh",95,21,244,315,40,91,63,94,256,292,120,75
"Pocillopora_acuta_HIv1_PredGene_g20633.t1",43.6501584112509,-1.61532737731841,0.380312443962906,-4.24736924326347,2.16295323363511e-05,0.00591567709399203,"CvsHigh",18,53,20,43,14,56,51,55,47,70,40,26
"Pocillopora_acuta_HIv1_PredGene_g20634.t1",32.2199640226138,-1.43779731640719,0.382885558591498,-3.75516204292569,0.000173229365142562,0.0225112038536917,"CvsHigh",21,35,24,45,23,30,39,46,26,39,19,13
"Pocillopora_acuta_HIv1_PredGene_g20640.t1",67.794365030085,-1.24463596666999,0.337931066631284,-3.68310608159626,0.00023040921858342,0.0284232342997635,"CvsHigh",69,30,77,50,54,124,60,81,50,99,89,27
"Pocillopora_acuta_HIv1_PredGene_27047_t",87.2053265477403,2.09137948662732,0.558193162764081,3.74669491878251,0.000179179784212347,0.0229048244807533,"CvsHigh",20,42,295,347,39,22,16,13,168,334,62,60
"Pocillopora_acuta_HIv1_PredGene_g19390.t1",87.2053265477403,2.09137948662732,0.558193162764081,3.74669491878251,0.000179179784212347,0.0229048244807533,"CvsHigh",20,42,295,347,39,22,16,13,168,334,62,60
"Pocillopora_acuta_HIv1_PredGene_g10395.t1",45.8040531929253,3.24187248868157,0.456919329340929,7.09506532226974,1.29290402544015e-12,2.33926119864445e-09,"CvsHigh",8,8,292,219,8,8,14,7,116,172,9,5
"Pocillopora_acuta_HIv1_PredGene_g27509.t1",75.6776914379502,1.15551558896762,0.286628554133536,4.03140431162098,5.5444569634743e-05,0.0109589220367966,"CvsHigh",75,15,210,204,29,63,32,54,162,212,64,46
"Pocillopora_acuta_HIv1_PredGene_g2314.t1",46.3131922571419,-1.34390215095792,0.309653484733088,-4.34001946439042,1.42470095896277e-05,0.00429620400714914,"CvsHigh",46,37,36,41,37,59,44,58,50,58,51,15
"Pocillopora_acuta_HIv1_PredGene_g31595.t1",20.2748600706628,2.20864772445912,0.440034966921758,5.0192550376385,5.18722451471136e-07,0.000277292517751195,"CvsHigh",19,6,51,49,7,5,6,7,93,68,10,15
"Pocillopora_acuta_HIv1_PredGene_g31607.t1",87.5036187344635,1.56229255577663,0.39084322230556,3.99723589054649,6.40864306289796e-05,0.0120590154785938,"CvsHigh",46,15,220,386,38,58,50,31,159,208,75,71
"Pocillopora_acuta_HIv1_PredGene_g29112.t1",23.8258976242312,-2.01227626813344,0.452863754372312,-4.44344739163887,8.85288104843361e-06,0.00277638153520276,"CvsHigh",15,30,12,18,8,16,29,34,21,17,20,26
"Pocillopora_acuta_HIv1_PredGene_g28160.t1",109.44423702657,1.56450050448362,0.303357542368126,5.1572823680945,2.50559809115547e-07,0.000145701095797773,"CvsHigh",98,22,335,144,50,49,49,48,313,344,173,71
"Pocillopora_acuta_HIv1_PredGene_g9611.t1",14.2464094187107,-1.77934008629607,0.465380673370976,-3.82340777799701,0.000131619834533898,0.0191334655090784,"CvsHigh",18,10,7,19,6,15,18,20,8,7,21,9
"Pocillopora_acuta_HIv1_PredGene_g631.t2",2605.78871621454,-1.98123319031407,0.315807491088109,-6.27354716472294,3.52913955347459e-10,3.95280435415599e-07,"CvsHigh",3711,1006,1055,620,2443,2888,1626,4373,2102,1793,3534,2868
"Pocillopora_acuta_HIv1_PredGene_27676_t",2605.78871621454,-1.98123319031407,0.315807491088109,-6.27354716472294,3.52913955347459e-10,3.95280435415599e-07,"CvsHigh",3711,1006,1055,620,2443,2888,1626,4373,2102,1793,3534,2868
"Pocillopora_acuta_HIv1_PredGene_g631.t1",2605.78871621454,-1.98123319031407,0.315807491088109,-6.27354716472294,3.52913955347459e-10,3.95280435415599e-07,"CvsHigh",3711,1006,1055,620,2443,2888,1626,4373,2102,1793,3534,2868
"Pocillopora_acuta_HIv1_PredGene_g16674.t2",61.5402810328911,-1.52195046132059,0.379124556451584,-4.0143811194012,5.96019743580746e-05,0.0114909675317727,"CvsHigh",66,18,17,33,62,98,52,78,77,63,93,47
"Pocillopora_acuta_HIv1_PredGene_g16674.t1",61.5402810328911,-1.52195046132059,0.379124556451584,-4.0143811194012,5.96019743580746e-05,0.0114909675317727,"CvsHigh",66,18,17,33,62,98,52,78,77,63,93,47
"Pocillopora_acuta_HIv1_PredGene_g18980.t1",460.957461969606,1.9712882741095,0.438699231419515,4.49348467680449,7.00670653451091e-06,0.00232119358307368,"CvsHigh",346,158,1491,1307,118,165,88,131,1510,1209,766,181
"Pocillopora_acuta_HIv1_PredGene_g19003.t1",622.246469335462,-1.5431685517901,0.409792648193261,-3.76573020183205,0.000166063038774837,0.022067619971881,"CvsHigh",404,736,427,782,342,794,466,494,371,673,849,393
"Pocillopora_acuta_HIv1_PredGene_g24043.t1",46.3450326255758,1.71030050105666,0.37882841185308,4.51471021587462,6.34034028245144e-06,0.00227265815473985,"CvsHigh",24,9,137,152,38,29,13,19,88,126,51,25
"Pocillopora_acuta_HIv1_PredGene_g30195.t1",289.893399930992,-0.920626331580705,0.214338820143344,-4.29519174811644,1.74542407921522e-05,0.00506840984780508,"CvsHigh",268,181,304,323,178,404,259,305,387,399,367,151
"Pocillopora_acuta_HIv1_PredGene_g29580.t1",66.3952777226415,1.0046407537681,0.285845145429569,3.51463290467403,0.000440362257867752,0.0450337420317713,"CvsHigh",51,17,133,124,34,59,30,57,227,255,51,23
"Pocillopora_acuta_HIv1_PredGene_g19487.t1",111.403174709504,-1.70849741806617,0.485108001162274,-3.52189082425515,0.000428480564356725,0.0443977592697557,"CvsHigh",87,136,26,167,35,86,173,152,141,89,63,67
"Pocillopora_acuta_HIv1_PredGene_g21804.t2",580.199669912326,-0.980530527767927,0.270385680454147,-3.62641440967215,0.000287384015638968,0.0324978818838662,"CvsHigh",677,346,400,676,226,643,631,844,670,1175,548,374
"Pocillopora_acuta_HIv1_PredGene_g21804.t3",580.199669912326,-0.980530527767927,0.270385680454147,-3.62641440967215,0.000287384015638968,0.0324978818838662,"CvsHigh",677,346,400,676,226,643,631,844,670,1175,548,374
"Pocillopora_acuta_HIv1_PredGene_g21804.t1",580.199669912326,-0.980530527767927,0.270385680454147,-3.62641440967215,0.000287384015638968,0.0324978818838662,"CvsHigh",677,346,400,676,226,643,631,844,670,1175,548,374
"Pocillopora_acuta_HIv1_PredGene_29511_t",580.199669912326,-0.980530527767927,0.270385680454147,-3.62641440967215,0.000287384015638968,0.0324978818838662,"CvsHigh",677,346,400,676,226,643,631,844,670,1175,548,374
"Pocillopora_acuta_HIv1_PredGene_g19722.t1",1180.05178521009,1.14726977467244,0.197414282990151,5.81148312723489,6.19217753259949e-09,5.82584830977091e-06,"CvsHigh",964,274,3063,2405,614,635,760,619,2958,2899,1549,837
"Pocillopora_acuta_HIv1_PredGene_g25397.t1",25.3750352457103,-1.20758319486192,0.317573278383257,-3.80253401989499,0.000143223591706858,0.0200218960342127,"CvsHigh",27,15,25,18,20,24,33,35,30,33,19,17
"Pocillopora_acuta_HIv1_PredGene_29635_t",25.3750352457103,-1.20758319486192,0.317573278383257,-3.80253401989499,0.000143223591706858,0.0200218960342127,"CvsHigh",27,15,25,18,20,24,33,35,30,33,19,17
"Pocillopora_acuta_HIv1_PredGene_g33597.t1",511.135557710417,1.61061594823375,0.324376537168599,4.96526648410643,6.86067988635758e-07,0.000358600114682259,"CvsHigh",274,72,1477,1931,265,316,297,207,1129,1170,508,338
"Pocillopora_acuta_HIv1_PredGene_g22451.t1",29.3413193363985,2.31029932237214,0.443069457332985,5.21430508046926,1.8450759657815e-07,0.000114205346818807,"CvsHigh",10,7,172,103,10,12,10,11,65,102,12,4
"Pocillopora_acuta_HIv1_PredGene_g22645.t1",76.8291968701899,1.94429159641733,0.417180613953609,4.6605511650969,3.1536375159047e-06,0.00137364274095545,"CvsHigh",20,22,123,492,13,29,49,29,236,298,27,22
"Pocillopora_acuta_HIv1_PredGene_g22710.t1",125.925714168609,1.16394875059736,0.292543498388703,3.97872028265286,6.92871983107836e-05,0.0125361860882149,"CvsHigh",120,43,281,407,41,77,53,77,250,342,123,87
"Pocillopora_acuta_HIv1_PredGene_g22710.t2",125.925714168609,1.16394875059736,0.292543498388703,3.97872028265286,6.92871983107836e-05,0.0125361860882149,"CvsHigh",120,43,281,407,41,77,53,77,250,342,123,87
"Pocillopora_acuta_HIv1_PredGene_g22714.t1",78.902496632157,-0.955224865380024,0.268163566903732,-3.56209785098413,0.000367903201460614,0.0389795099169149,"CvsHigh",90,51,91,86,49,57,91,118,85,114,62,52
"Pocillopora_acuta_HIv1_PredGene_g5170.t1",301.296483974083,1.94534281484106,0.507703673286086,3.83165006912385,0.000127286696111314,0.0190065188254353,"CvsHigh",216,51,784,1183,84,144,194,26,614,1075,466,114
"Pocillopora_acuta_HIv1_PredGene_g4677.t1",69.0300428614534,-1.74342485965048,0.427674186652439,-4.07652580880998,4.57135837109345e-05,0.00995582594874899,"CvsHigh",60,96,56,51,53,54,48,77,60,56,71,30
"Pocillopora_acuta_HIv1_PredGene_g22758.t1",210.02930302463,1.33458682897004,0.320029745469289,4.17019620164687,3.04337510968155e-05,0.00778078542987171,"CvsHigh",222,26,678,474,91,106,92,180,374,558,215,167
"Pocillopora_acuta_HIv1_PredGene_g5916.t1",45.4213426442144,-1.32023641105123,0.323832975361056,-4.0769054157602,4.56390467364331e-05,0.00995582594874899,"CvsHigh",34,37,24,44,22,47,44,52,53,53,73,37
"Pocillopora_acuta_HIv1_PredGene_31452_t",45.4213426442144,-1.32023641105123,0.323832975361056,-4.0769054157602,4.56390467364331e-05,0.00995582594874899,"CvsHigh",34,37,24,44,22,47,44,52,53,53,73,37
"Pocillopora_acuta_HIv1_PredGene_g1441.t1",37.0744158397639,1.01991586674842,0.283441882771541,3.59832448463691,0.000320273878139492,0.0350379622684604,"CvsHigh",25,7,81,89,21,31,22,22,83,117,38,26
"Pocillopora_acuta_HIv1_PredGene_g21902.t1",63.4782580364806,-1.71678715169487,0.438123508275826,-3.91850042115077,8.91015737817656e-05,0.0149376374361058,"CvsHigh",50,24,30,50,30,70,105,91,62,50,34,109
"Pocillopora_acuta_HIv1_PredGene_g21894.t1",54.5904895436136,-1.31028235155869,0.333424903153951,-3.92976751035809,8.50280337300273e-05,0.0147054733923822,"CvsHigh",63,38,40,62,14,56,80,86,52,89,36,39
"Pocillopora_acuta_HIv1_PredGene_g23872.t1",45.5464657880317,1.43561026009545,0.381429910874926,3.76375900044765,0.0001673781987336,0.0221174304068147,"CvsHigh",28,7,61,119,23,25,15,25,102,152,91,40
"Pocillopora_acuta_HIv1_PredGene_g23878.t1",56.3713590857194,1.8919290197847,0.494060171693735,3.82934939543658,0.000128482483450713,0.0190065188254353,"CvsHigh",29,7,49,264,22,29,19,22,110,198,94,48
"Pocillopora_acuta_HIv1_PredGene_g23882.t1",46.3384116458352,1.62105920220863,0.396437139453553,4.08906997069722,4.3310620316065e-05,0.00995582594874899,"CvsHigh",28,7,59,145,20,24,16,22,113,156,86,40
"Pocillopora_acuta_HIv1_PredGene_g5154.t1",90.9378429279769,-3.29185245922564,0.567475405954737,-5.80087246897923,6.59707611109215e-09,5.96807027726917e-06,"CvsHigh",145,123,16,6,53,120,116,87,52,54,33,51
"Pocillopora_acuta_HIv1_PredGene_g9091.t1",169.072630956643,1.41749432521255,0.318066431365095,4.45659832484953,8.32704172445081e-06,0.0026849766946405,"CvsHigh",132,23,401,611,56,139,77,99,369,511,174,98
"Pocillopora_acuta_HIv1_PredGene_g518.t1",36.7715127345168,1.25020511148504,0.322819765166435,3.8727650732305,0.000107607540769129,0.0167618342147728,"CvsHigh",17,8,107,73,5,26,23,29,125,154,29,22
"Pocillopora_acuta_HIv1_PredGene_g15469.t1",33.2416328291278,-1.85143725454645,0.309715895911532,-5.97785673575921,2.26092428776158e-09,2.215800007185e-06,"CvsHigh",41,12,20,17,22,47,51,37,22,32,43,29
"Pocillopora_acuta_HIv1_PredGene_g7379.t1",56.847408523961,-1.74974603133862,0.418812800715707,-4.1778714221449,2.94249908214642e-05,0.00760555174847977,"CvsHigh",57,38,12,53,21,60,48,133,66,57,78,38
"Pocillopora_acuta_HIv1_PredGene_g18552.t1",1563.96495335459,1.08445099871837,0.254073657297706,4.26825437258017,1.97008599091784e-05,0.00558293886655162,"CvsHigh",1357,500,3377,4204,434,1187,694,1127,4133,5299,1577,731
"Pocillopora_acuta_HIv1_PredGene_g18672.t1",196.107572501998,-2.69564604062283,0.36772159375631,-7.3306710467736,2.29003142441222e-13,4.48865242779998e-10,"CvsHigh",294,95,35,94,109,310,152,280,61,96,454,125
"Pocillopora_acuta_HIv1_PredGene_g7401.t1",54.5629228765758,1.04525521962223,0.275478235558475,3.79432958652138,0.000148042918116717,0.0203632600995515,"CvsHigh",49,15,135,143,27,40,24,34,116,122,56,41
"Pocillopora_acuta_HIv1_PredGene_g27085.t1",54.110276713204,1.93690470210448,0.474813177771332,4.07929853841858,4.51717968831816e-05,0.00995582594874899,"CvsHigh",23,6,355,98,20,24,35,23,140,106,36,29
"Pocillopora_acuta_HIv1_PredGene_g30769.t1",42.6075489573823,-1.47454678503305,0.293553034871031,-5.02310182444844,5.08435709069149e-07,0.000277292517751195,"CvsHigh",58,18,24,26,22,48,40,70,38,54,56,41
"Pocillopora_acuta_HIv1_PredGene_g32850.t1",68.6078019592252,1.88067260679309,0.464385200369162,4.04981167637999,5.12588667009778e-05,0.0103047846467838,"CvsHigh",10,22,316,325,25,34,36,25,139,206,11,21
"Pocillopora_acuta_HIv1_PredGene_g32851.t1",152.343326547222,2.17287803569241,0.619784424003767,3.50586099220719,0.000455132851052102,0.045481266538843,"CvsHigh",17,43,897,868,19,32,125,22,227,326,23,49
"Pocillopora_acuta_HIv1_PredGene_g73.t1",250.432107277429,1.18879999373727,0.256469193106056,4.63525454788511,3.56498514452575e-06,0.0014710879927086,"CvsHigh",168,69,626,779,141,200,113,129,577,611,244,140
"Pocillopora_acuta_HIv1_PredGene_g10956.t1",48.9052024228961,-1.88594812358934,0.491033325877882,-3.84077418822358,0.000122646896795904,0.0187323224645225,"CvsHigh",98,13,27,9,45,60,27,99,36,43,80,18
"Pocillopora_acuta_HIv1_PredGene_g10961.t1",129.822260212442,0.744103603158186,0.197986441541507,3.7583563670555,0.000171033172674096,0.0223860911882287,"CvsHigh",95,31,265,280,56,111,83,115,365,341,122,89
"Pocillopora_acuta_HIv1_PredGene_g10986.t1",85.3721216985779,-3.23884273874646,0.846697883222447,-3.82526377226756,0.000130632143778755,0.0191334655090784,"CvsHigh",106,99,42,16,36,109,73,125,0,51,64,96
"Pocillopora_acuta_HIv1_PredGene_g2511.t1",440.997832085432,-1.24781365616416,0.308327134115062,-4.04704457733033,5.18683664047871e-05,0.0103389478492118,"CvsHigh",326,377,232,447,237,384,489,525,548,656,437,413
"Pocillopora_acuta_HIv1_PredGene_g2599.t1",142.023547420956,0.974344136737248,0.269371793134502,3.61709786091353,0.000297924687150383,0.0328989979646205,"CvsHigh",127,55,250,361,51,76,88,74,344,418,137,121
"Pocillopora_acuta_HIv1_PredGene_g7577.t1",109.754789123558,1.11843962432447,0.319048618299699,3.50554605215015,0.000455671663585472,0.045481266538843,"CvsHigh",88,21,253,386,37,66,76,77,197,269,106,86
"Pocillopora_acuta_HIv1_PredGene_g11351.t1",19.3204758082931,-1.31786164972701,0.36307942752709,-3.62967865930296,0.000283774266020277,0.0324978818838662,"CvsHigh",20,10,9,15,12,30,17,26,27,25,25,13
"Pocillopora_acuta_HIv1_PredGene_g11358.t1",14.7681017959215,-1.58649041820935,0.401231033197984,-3.95405710661098,7.68370575163894e-05,0.0135886047356616,"CvsHigh",16,7,8,8,10,25,12,21,15,18,21,10
"Pocillopora_acuta_HIv1_PredGene_g19769.t1",21.5478829027523,1.42404606980627,0.390431239176663,3.64736713386276,0.000264941234729022,0.0313149888545795,"CvsHigh",13,2,40,84,7,16,10,20,73,80,15,7
"Pocillopora_acuta_HIv1_PredGene_g19878.t1",833.962449560517,1.91494446565219,0.242425960533516,7.89908993837911,2.80947112677926e-15,6.6081570372975e-12,"CvsHigh",385,109,2538,3222,265,538,369,435,2787,3000,555,270
"Pocillopora_acuta_HIv1_PredGene_g26843.t1",52.6397453349692,1.52322199553763,0.349962741681348,4.35252618098577,1.34577794987143e-05,0.0041109146959644,"CvsHigh",40,5,149,131,28,45,16,30,172,133,65,24
"Pocillopora_acuta_HIv1_PredGene_g20469.t1",13.548694393742,-1.97291347624667,0.537383550647053,-3.67133209394134,0.000241289572884404,0.0288089951462643,"CvsHigh",14,16,11,9,15,16,11,11,8,6,14,4
"Pocillopora_acuta_HIv1_PredGene_g25581.t1",137.300719897227,1.65105274883506,0.473758821372366,3.485006873439,0.0004921243997711,0.0480301162116848,"CvsHigh",127,16,632,123,63,66,46,64,210,294,144,198
"Pocillopora_acuta_HIv1_PredGene_g31960.t1",52.8388473147686,-1.32026395941006,0.28157714261932,-4.68881794569171,2.74787715197004e-06,0.00124293881714399,"CvsHigh",49,31,37,65,26,61,58,68,48,46,65,53
"Pocillopora_acuta_HIv1_PredGene_g32018.t1",630.095364026832,1.30962071859386,0.3476119490891,3.7674790007238,0.000164904407120714,0.0220381622720813,"CvsHigh",503,280,1780,1311,237,374,234,183,1812,2007,717,331
"Pocillopora_acuta_HIv1_PredGene_g9328.t1",59.6429133332349,-2.04759189611698,0.584442754903972,-3.50349436097196,0.000459196377887777,0.0455728185835376,"CvsHigh",82,28,5,24,11,87,117,102,48,114,64,29
"Pocillopora_acuta_HIv1_PredGene_g9372.t3",511.190207057122,2.99266860141855,0.270307518898085,11.0713479729245,1.72781835928013e-28,1.0160003907157e-24,"CvsHigh",110,51,1596,2453,64,193,169,104,2586,2531,138,60
"Pocillopora_acuta_HIv1_PredGene_g9372.t1",511.190207057122,2.99266860141855,0.270307518898085,11.0713479729245,1.72781835928013e-28,1.0160003907157e-24,"CvsHigh",110,51,1596,2453,64,193,169,104,2586,2531,138,60
"Pocillopora_acuta_HIv1_PredGene_g9372.t2",511.190207057122,2.99266860141855,0.270307518898085,11.0713479729245,1.72781835928013e-28,1.0160003907157e-24,"CvsHigh",110,51,1596,2453,64,193,169,104,2586,2531,138,60
"Pocillopora_acuta_HIv1_PredGene_g8002.t1",303.740814584418,1.18035572427331,0.323992499018738,3.64315756645048,0.000269313862235098,0.0316726567681586,"CvsHigh",199,112,827,1018,156,217,155,107,563,734,294,173
"Pocillopora_acuta_HIv1_PredGene_g12696.t1",140.831616686271,1.58596968078359,0.35611576193264,4.45352284374196,8.44727160424288e-06,0.0026849766946405,"CvsHigh",84,22,304,675,49,75,99,66,363,320,116,83
"Pocillopora_acuta_HIv1_PredGene_g28908.t1",206.664204109622,0.944837467753374,0.260757730148436,3.62343032828031,0.000290721539917524,0.0325982083455161,"CvsHigh",136,40,426,565,83,195,130,134,478,603,229,138
"Pocillopora_acuta_HIv1_PredGene_g29028.t1",16.8487072861785,-1.58742582857259,0.440189239169736,-3.60623497195597,0.000310671844438715,0.0341463198740328,"CvsHigh",16,7,7,18,10,16,40,22,22,16,14,10
"Pocillopora_acuta_HIv1_PredGene_g29047.t1",37.126967003685,-1.46332491996492,0.286221073044966,-5.11256877209397,3.17807227551157e-07,0.000177979614267399,"CvsHigh",43,17,27,39,27,49,46,44,31,28,42,29
"Pocillopora_acuta_HIv1_PredGene_g8027.t1",342.788332853085,1.11801893187508,0.197171954615295,5.67027361501013,1.42569643786716e-08,1.24199281166939e-05,"CvsHigh",291,89,769,832,145,262,149,219,901,990,368,222
"Pocillopora_acuta_HIv1_PredGene_g5677.t1",31.6100286154538,1.83589542976871,0.302960823953526,6.05984432512083,1.36253354550449e-09,1.45673416017323e-06,"CvsHigh",18,4,88,101,13,17,16,18,116,132,20,8
"Pocillopora_acuta_HIv1_PredGene_g4628.t1",646.954326722187,-1.33461350385569,0.276226511608464,-4.83159091458764,1.35446342280623e-06,0.000624673218976969,"CvsHigh",507,190,432,670,404,906,904,859,593,701,804,659
"Pocillopora_acuta_HIv1_PredGene_g14138.t1",30.0614834908909,-1.15488095661982,0.329957144973969,-3.50009379766859,0.000465094473736452,0.0459642315830046,"CvsHigh",39,18,26,26,21,41,27,40,45,32,32,11
"Pocillopora_acuta_HIv1_PredGene_g24448.t1",215.645026156372,1.33620325342425,0.290350211994731,4.60203987537813,4.1837307851718e-06,0.00166789036945806,"CvsHigh",133,35,548,462,138,183,86,98,568,636,285,135
"Pocillopora_acuta_HIv1_PredGene_g11986.t1",1075.41785559909,0.821594374197973,0.219173383444141,3.74860469500106,0.000177821105838489,0.0229048244807533,"CvsHigh",671,318,2540,2872,578,781,765,706,2084,2551,1171,716
"Pocillopora_acuta_HIv1_PredGene_g12058.t1",74.0843131659301,1.06502058176062,0.296952202767759,3.58650507332169,0.000335139547105879,0.0361597123278779,"CvsHigh",73,24,172,191,29,43,37,38,123,193,82,69
"Pocillopora_acuta_HIv1_PredGene_g12087.t1",110.160045795234,1.58446803044745,0.303500174610568,5.22064948555809,1.78296720758179e-07,0.000113343707269004,"CvsHigh",98,22,337,145,50,49,49,48,318,353,173,71
"Pocillopora_acuta_HIv1_PredGene_g12092.t1",169.760168220607,-1.44334680284657,0.348920099175915,-4.13661123637042,3.52472526625577e-05,0.00863883230111512,"CvsHigh",105,42,136,209,66,279,369,256,178,198,139,118
"Pocillopora_acuta_HIv1_PredGene_g8202.t1",59.331922274369,1.24781519910027,0.307337452235036,4.06008180918348,4.90555249092512e-05,0.0102405265234838,"CvsHigh",52,14,127,202,25,43,26,34,117,166,68,34
"Pocillopora_acuta_HIv1_PredGene_g23706.t1",365.712693052772,1.31493485242759,0.332439427153931,3.9554118585902,7.64029135029085e-05,0.0135886047356616,"CvsHigh",225,41,835,1077,172,342,212,171,921,1165,308,275
"Pocillopora_acuta_HIv1_PredGene_9973_t",365.712693052772,1.31493485242759,0.332439427153931,3.9554118585902,7.64029135029085e-05,0.0135886047356616,"CvsHigh",225,41,835,1077,172,342,212,171,921,1165,308,275
"Pocillopora_acuta_HIv1_PredGene_g29791.t1",120.706911692955,1.02263143857405,0.238039045790628,4.29606594656546,1.73855882409981e-05,0.00506840984780508,"CvsHigh",108,17,287,258,56,87,64,109,304,350,125,81
"Pocillopora_acuta_HIv1_PredGene_g29845.t1",44.7380099253856,1.20140626830058,0.326817699146132,3.67607467845058,0.000236850215669132,0.0284232342997635,"CvsHigh",26,9,75,118,30,40,18,22,115,152,51,29
"Pocillopora_acuta_HIv1_PredGene_g16370.t1",104.525939325969,-1.63861073615116,0.421187268614269,-3.89045647448529,0.000100055823570327,0.0159135511879,"CvsHigh",58,117,65,83,87,67,146,86,122,83,86,92
"Pocillopora_acuta_HIv1_PredGene_g3030.t1",223.980120034992,1.53988823963145,0.407040918171996,3.78312884745599,0.000154869191894415,0.0211783619915613,"CvsHigh",128,82,523,998,49,92,102,94,482,572,174,198
"Pocillopora_acuta_HIv1_PredGene_g21047.t1",185.433105747329,-1.0590170049083,0.280444970570971,-3.77620252112991,0.000159237534636399,0.0214024345839014,"CvsHigh",106,176,174,172,96,181,186,226,296,290,176,126
"Pocillopora_acuta_HIv1_PredGene_g21053.t1",14.2199201102658,-1.76494474414111,0.460610135012298,-3.83175403661924,0.000127232906953054,0.0190065188254353,"CvsHigh",16,12,8,10,4,10,18,19,10,13,14,19
"Pocillopora_acuta_HIv1_PredGene_g21093.t2",264.519647965954,2.20460526959164,0.278273245807322,7.92244781993208,2.32879829758278e-15,6.0861849730494e-12,"CvsHigh",87,34,715,1231,51,167,116,94,1081,1083,108,72
"Pocillopora_acuta_HIv1_PredGene_g21093.t3",264.519647965954,2.20460526959164,0.278273245807322,7.92244781993208,2.32879829758278e-15,6.0861849730494e-12,"CvsHigh",87,34,715,1231,51,167,116,94,1081,1083,108,72
"Pocillopora_acuta_HIv1_PredGene_g21093.t1",264.519647965954,2.20460526959164,0.278273245807322,7.92244781993208,2.32879829758278e-15,6.0861849730494e-12,"CvsHigh",87,34,715,1231,51,167,116,94,1081,1083,108,72
"Pocillopora_acuta_HIv1_PredGene_g29660.t1",87.2005402425528,-3.37519157677753,0.499815257867259,-6.75287823580992,1.44940579558764e-11,2.43510526557264e-08,"CvsHigh",121,22,4,36,35,90,142,202,23,27,129,101
"Pocillopora_acuta_HIv1_PredGene_g29708.t1",121.526068807195,-2.07894043816785,0.319306878392252,-6.51079127588971,7.47559587668312e-11,1.09895931634665e-07,"CvsHigh",134,107,71,64,51,148,136,169,121,60,189,69
"Pocillopora_acuta_HIv1_PredGene_g29724.t1",128.561181310355,-1.16446312852912,0.305737844784862,-3.80869803458093,0.000139700436697391,0.0197945419973453,"CvsHigh",132,50,144,89,112,217,110,125,120,139,206,69
"Pocillopora_acuta_HIv1_PredGene_g31212.t1",57.5630690145038,-2.04015170973311,0.503081924069702,-4.0553071222063,5.00684728625756e-05,0.0102405265234838,"CvsHigh",45,94,25,28,12,44,51,66,64,63,45,50
"Pocillopora_acuta_HIv1_PredGene_g31214.t1",194.477164845266,-1.79131759264188,0.448758023183982,-3.99172271045385,6.55950456604281e-05,0.0121485123541648,"CvsHigh",277,169,92,179,62,110,269,213,111,162,143,264
"Pocillopora_acuta_HIv1_PredGene_11122_t",194.477164845266,-1.79131759264188,0.448758023183982,-3.99172271045385,6.55950456604281e-05,0.0121485123541648,"CvsHigh",277,169,92,179,62,110,269,213,111,162,143,264
"Pocillopora_acuta_HIv1_PredGene_g21278.t1",20.1796643226772,-2.24536794687579,0.493188240715228,-4.55276051111748,5.2946534848193e-06,0.00197675467645134,"CvsHigh",27,16,0,15,15,21,16,33,12,16,21,18
"Pocillopora_acuta_HIv1_PredGene_g4463.t1",34.5790040363056,1.16119690656119,0.32366436676415,3.58765754219506,0.00033366213066183,0.0361597123278779,"CvsHigh",19,8,96,124,16,30,22,22,90,89,22,12
"Pocillopora_acuta_HIv1_PredGene_g4485.t1",334.158906424613,1.51669386321713,0.340431280548359,4.45521298975251,8.38099482481228e-06,0.0026849766946405,"CvsHigh",153,55,1181,1352,102,260,197,169,677,838,238,186
"Pocillopora_acuta_HIv1_PredGene_g1271.t1",95.7430410043327,2.17895612073762,0.484105316209845,4.50099605969439,6.76357598876703e-06,0.00227265815473985,"CvsHigh",47,16,273,466,70,33,29,27,134,158,64,108
"Pocillopora_acuta_HIv1_PredGene_g1272.t1",40.1267610801369,2.06147304733285,0.498357516866523,4.13653447086459,3.52590408956699e-05,0.00863883230111512,"CvsHigh",26,0,77,63,43,10,13,9,46,99,62,79
"Pocillopora_acuta_HIv1_PredGene_g1281.t1",99.8359870947353,1.2066926434272,0.346764987038106,3.47985721896022,0.000501681070002421,0.0487604977170535,"CvsHigh",65,25,228,370,69,76,64,38,195,243,90,44
"Pocillopora_acuta_HIv1_PredGene_g17325.t1",129.76478418684,-2.64481669852666,0.439867511950581,-6.01275753873772,1.82393737902813e-09,1.86525352574437e-06,"CvsHigh",92,179,76,98,58,120,173,187,57,28,142,69
